Country_ISO,Country,Year,OVERALL GOVERNANCE,SECURITY & RULE OF LAW,SECURITY & SAFETY,RULE OF LAW & JUSTICE,ACCOUNTABILITY & TRANSPARENCY,ANTI-CORRUPTION,Anti-Corruption Mechanisms,"PARTICIPATION, RIGHTS & INCLUSION",PARTICIPATION,RIGHTS,INCLUSION & EQUALITY,WOMEN'S EQUALITY,FOUNDATIONS FOR ECONOMIC OPPORTUNITY,PUBLIC ADMINISTRATION,BUSINESS & LABOUR ENVIRONMENT,INFRASTRUCTURE,RURAL ECONOMY,HUMAN DEVELOPMENT,HEALTH,EDUCATION,SOCIAL PROTECTION & WELFARE,SUSTAINABLE ENVIRONMENT
DZ,Algeria,2014,54.9,51.6,85.7,54.7,31.2,34.6,20.5,46.7,36.5,34.9,56.7,58.5,51,58.8,41,53.2,.,70.2,76.5,70.9,73.4,60.1
DZ,Algeria,2015,56.4,53.1,86.4,56.4,31,38.7,26.8,49.2,42.9,35.5,56.8,61.8,52.6,59,42.6,56.2,.,70.5,76.5,72,73.3,60.2
DZ,Algeria,2016,56.9,52.5,85.8,56.5,28.9,38.6,20.5,49.6,40.5,37.1,56.4,64.2,54.3,60.8,41.9,60.2,.,71.2,76.9,72.7,74.3,60.9
DZ,Algeria,2017,56.1,52.1,86.1,55,27.9,39.3,14.3,47.2,37.5,35.5,54,61.9,54.7,60.3,42.4,61.3,.,70.3,76.7,73.5,68.6,62.3
DZ,Algeria,2018,57.2,52.3,86.8,54.6,28.4,39.4,14.3,48.1,38.4,33.9,55.8,64.5,56,61.7,43,63.3,.,72.5,76.7,74.1,76,63.4
DZ,Algeria,2019,57.1,51.9,86.2,53,26.5,41.8,20.5,47.5,36.5,31.4,54.4,67.8,56,61.8,42.3,63.8,.,73,76,75.9,77.4,62.9
DZ,Algeria,2020,57.2,51.2,87,52.5,25.4,39.8,20.5,46.5,32.4,29.8,56.3,67.4,56.9,61.3,42.5,66.9,.,74.1,76.3,75.5,81.1,63.6
DZ,Algeria,2021,56.2,50.8,86.4,51.8,25.6,39.2,26.8,45.7,29.1,28,59.9,65.7,55.5,56.8,43.6,66.1,.,72.7,76.8,69.1,81.3,63.7
DZ,Algeria,2022,55.5,50.6,85.9,49.5,28.3,38.6,26.8,45.3,31.3,27.1,59,63.8,55.4,56.3,43.2,66.7,.,70.9,76,62.9,81.2,63.4
DZ,Algeria,2023,55.7,52.4,86,50.8,30.4,42.5,33,45.2,30,26.4,59.9,64.7,55.8,56,42.8,68.5,.,69.4,76,56.6,81.4,63.7
AO,Angola,2014,38,37.6,72.6,33,25.4,19.4,3.6,40.3,29.9,39,38.2,54.1,37,34.4,27.8,31.6,54.4,37.2,45.1,27,31.2,45.4
AO,Angola,2015,38.3,37.4,73.3,33.1,24,19.4,3.6,40,29.8,36.4,37.1,56.8,38.1,35.1,29.7,33.3,54.4,37.7,44.9,27.5,32.4,46.2
AO,Angola,2016,38.2,37.6,73.1,33.1,24.7,19.4,3.6,40.5,30.8,37.1,37.1,56.9,37.9,35,28.8,33.5,54.4,36.9,44.6,26.8,29.9,46.1
AO,Angola,2017,39,38.9,72.6,33.8,26.5,22.5,3.6,41.5,30.7,41.3,37.4,56.6,37.7,34.7,27.8,34.1,54.4,37.9,44.6,28.8,31.9,46.6
AO,Angola,2018,40.4,41.1,73,35.6,28.7,27.1,17.9,43.6,34.5,43.8,38,58,40.1,40.9,30.1,34.8,54.4,36.9,45.2,26.5,29.4,46.6
AO,Angola,2019,41.5,43,72.5,39,31,29.2,19.6,43.8,35.2,42.6,38.7,58.5,41.3,41.5,29.7,36.3,57.7,38,45.7,27.5,30.2,48.3
AO,Angola,2020,42.1,42.7,70.7,37.4,30.8,31.9,21.4,43.1,34.6,42.2,37.1,58.6,43.4,44.6,31,37.1,61,39.2,45.9,28,33.3,49.5
AO,Angola,2021,42.8,43.3,70.5,36.6,31.2,35.1,23.2,44.4,33,42,36.4,66.2,44.9,46.2,33.2,35.7,64.3,38.7,46.3,28.2,32.8,47.6
AO,Angola,2022,43.3,43.6,69.7,37.1,31.5,36,29.5,44.5,34.2,41.1,37.5,65.1,45,45.4,32.7,37.6,64.3,40,48.6,28.8,33.2,49.5
AO,Angola,2023,43.8,44.2,69.7,38.2,31.6,37.3,35.7,45.8,34.9,40.5,39.6,68.2,45,45.3,31.1,39.1,64.3,40.2,47.4,29.4,32.7,51.3
BJ,Benin,2014,55.5,62,82.5,62.1,52.6,50.8,67,67.9,71.7,67.7,61.5,70.6,45.4,51.7,43.2,25,61.5,46.9,46.2,54,42.2,45
BJ,Benin,2015,55.8,61.7,82,64.7,53.5,46.6,60.7,68.4,72.8,65.7,62.8,72.1,46.4,54.3,42.9,27,61.5,46.8,46.4,53.7,40.8,46.2
BJ,Benin,2016,57,63.7,81.5,66.1,54.2,52.9,60.7,69.3,76.7,63.5,63.8,73.1,48,57.5,43.7,29.2,61.5,46.9,47.2,54.1,41,45.3
BJ,Benin,2017,57.6,64.6,82.1,67,55.3,53.9,60.7,69.1,73.9,64.1,64.9,73.6,48.5,57.7,44,31,61.5,48,48.2,55,40,48.9
BJ,Benin,2018,58,64.9,82.5,67.5,55,54.7,68.8,66.7,65.9,63.1,64.9,72.9,51.3,61.6,48.8,33.3,61.5,49.1,50,55.4,41.3,49.9
BJ,Benin,2019,57.5,65.2,82.1,65.1,55.5,58,70.5,61.9,55.3,57.2,63.6,71.4,52.9,63.4,50.7,35.4,62.3,50.1,50.7,58.9,41,49.9
BJ,Benin,2020,58.2,63.8,81.1,63.6,53.6,57,33,63.3,56.7,59.5,63.2,73.7,55.2,68.5,51.6,37.6,63.1,50.4,51.4,59.3,41.5,49.6
BJ,Benin,2021,57.6,63.6,80.5,62.4,52.6,59,33,61.7,50,60.1,62.9,73.9,55.1,67,52.1,37.3,63.9,50,51.6,57.4,42.3,48.8
BJ,Benin,2022,58.3,62.9,78.7,60.7,51.3,61,33,61.9,50.5,59.7,63.6,74,56.1,68.9,53.1,38.5,63.9,52,52.6,58.5,42.4,54.7
BJ,Benin,2023,58.9,61.5,77.5,59.8,47.6,61.2,33,63.7,54.9,61.1,63.7,75.2,57.2,69.3,53.4,42.3,63.9,53,52.6,58.5,42.5,58.3
BW,Botswana,2014,69.4,76.6,87.2,76.9,67.6,74.6,58.9,68.4,73.4,61.9,69.3,69.1,64.5,79.2,59.5,54.8,.,68.1,70.6,69.5,58.8,73.5
BW,Botswana,2015,69.5,75,87,75.5,66.1,71.3,65.2,68.3,73.3,61.9,69.3,68.8,65.8,79.2,62.4,55.8,.,69.1,70.9,69.9,60.9,74.7
BW,Botswana,2016,68.5,71.8,85.9,72.1,62.1,67.1,54.5,67.6,69.4,60.6,69.8,70.8,64.7,77.3,59.3,57.4,.,69.9,72.3,69.4,62.7,75.2
BW,Botswana,2017,68.2,71.5,86,70.7,62.2,66.9,56.3,67.6,70.3,61.8,69.8,68.6,64.1,76.2,56.7,59.4,.,69.5,73.2,68.8,60.1,76
BW,Botswana,2018,69.2,73.3,85.7,75.5,62.9,69.1,56.3,68.6,71.3,63.1,70.1,69.8,64.8,76.6,56.9,61,.,70.2,73,68.3,60.2,79.2
BW,Botswana,2019,70,73.5,86.3,77.6,63.8,66.2,56.3,69.9,72.7,65.1,70.7,71,66.7,78.7,58.4,62.9,.,70.1,72.7,68.5,60.1,79
BW,Botswana,2020,68.6,71,83.7,75.4,62.4,62.6,54.5,68.7,71.7,61.7,70.2,71.2,65.7,76.8,57.6,62.8,.,69.1,72.6,67.9,59.5,76.6
BW,Botswana,2021,67.7,70.4,81.6,73.9,61.7,64.6,52.7,67.1,69.9,60.2,66.7,71.6,64.2,73.2,56.9,62.5,.,68.9,73.2,68.7,58.7,74.9
BW,Botswana,2022,66.5,68.1,80,72.7,58.3,61.7,44.6,65.5,64.9,60.6,65.1,71.5,63.5,70.9,58.3,61.3,.,68.7,72.2,70.2,56.9,75.4
BW,Botswana,2023,65.8,66.7,79.9,71.5,56.7,58.8,30.4,65.1,62.2,61.5,64.8,72,62.6,70.3,56.8,60.7,.,68.8,75.4,70.2,55.8,73.8
BF,Burkina Faso,2014,54.9,57.6,80.9,54,37,58.5,67,63.7,69.6,62.4,63.3,59.4,50,63.9,42.8,22.7,70.5,48.4,48.4,44.2,48.8,52.1
BF,Burkina Faso,2015,55.6,59.1,80.8,55.7,42.4,57.6,60.7,63.7,67,62.1,66.7,59,50.9,64.4,45.3,23.5,70.5,48.6,48.7,45,48,52.6
BF,Burkina Faso,2016,56.3,60.5,81.5,57.5,43.9,59,67,63.6,66.5,61.4,65.1,61.3,51.2,64.1,44.8,25.2,70.5,50.2,51,46.9,50.6,52.2
BF,Burkina Faso,2017,58,62.8,80.9,60.4,49.8,60,73.2,67,72.8,62.7,66.9,65.5,51.2,62,45.6,26.6,70.5,51.2,52.9,49.6,50,52.2
BF,Burkina Faso,2018,58.2,63,75.9,61.3,51.5,63.5,73.2,66.7,70.6,60.2,68.8,67.1,51.7,60.4,45.9,29.8,70.5,51.3,52.7,49,51.6,51.9
BF,Burkina Faso,2019,56.4,59.4,64.3,63.1,52,58,60.7,64.9,68,57.7,68,66.1,51.2,59,45.3,30.8,69.6,50,52.8,47.5,48.2,51.4
BF,Burkina Faso,2020,55.8,57.6,60.7,61.4,51.4,57,60.7,64.6,66.5,56.8,67.9,67.3,50.8,62.3,42.3,29.8,68.7,50.1,53.2,48.5,46,52.8
BF,Burkina Faso,2021,54.5,54.2,50.4,57.9,52.7,56,60.7,64,66.4,56.5,66.3,66.9,50.3,64.1,39.8,29.4,67.8,49.6,54,49.3,41.7,53.4
BF,Burkina Faso,2022,52.6,49.2,44.2,52,45.9,54.7,60.7,61.5,59.4,54.3,64.6,67.7,50.2,63.1,38.6,31.3,67.8,49.7,55.6,50.1,40.4,52.7
BF,Burkina Faso,2023,51,47.7,43.3,51.1,40.4,55.9,60.7,56,48.5,47.5,60.9,67.1,50.5,64,38.6,31.6,67.8,49.9,55.7,50.1,40.3,53.7
BI,Burundi,2014,41.7,38.1,79.4,25.8,24.6,22.5,16.1,45.1,22.3,34,44.7,79.3,40.7,49,35.5,17.7,60.4,43.1,50.3,39.4,38.3,44.4
BI,Burundi,2015,39.6,32,57.4,26.4,21.4,22.7,16.1,42,15.3,28.5,46.1,78.3,40.6,46.6,36.7,18.5,60.4,43.8,50.6,41.6,36.9,46
BI,Burundi,2016,38.5,30.8,58.5,23,21.4,20.2,16.1,39.7,10.8,25.4,45.7,76.9,40,45.8,34.4,19.4,60.4,43.6,51.2,41.6,35.5,46
BI,Burundi,2017,39,32.3,59.1,27.2,21.5,21.5,16.1,39.2,9.3,28,42.8,76.8,39.8,45.4,30.2,23.3,60.4,44.7,50.9,43.7,37,47.3
BI,Burundi,2018,38.9,32.6,59.8,27,20.7,22.8,16.1,38.6,10.3,26.1,41,76.9,39.6,43,29.9,25,60.4,44.8,51.4,44.9,35.4,47.7
BI,Burundi,2019,39,33.3,61.7,27.5,18.5,25.3,16.1,38.4,10,26.1,40.3,77,39.4,40.2,28.3,26.3,62.7,45,52.4,45.7,34.7,47.5
BI,Burundi,2020,39.6,33.2,64.7,26.9,17.8,23.5,14.3,38.5,10.9,25.7,40.7,76.6,41.8,45.5,30.1,26.7,65,44.8,51.7,44.7,34.5,48.4
BI,Burundi,2021,40.5,34.6,64.1,32.3,16.2,25.6,0,39.4,15.2,26.6,38.8,77.2,42.6,45.6,32.1,25.5,67.3,45.3,52.3,45.7,34.3,49
BI,Burundi,2022,41.4,36.3,68.6,33.2,15.4,28.1,0,39.1,12.7,29.9,36.2,77.6,44.2,47.1,36.3,26.3,67.3,46.1,52.6,45.3,34.9,51.5
BI,Burundi,2023,41.4,35.7,70.8,31.8,14.9,25.3,0,39,12.4,29.8,34.5,79.2,44.4,47.6,35.6,27.1,67.3,46.4,50.7,45.3,36.8,52.7
CV,Cabo Verde,2014,69.2,70.3,84.2,78.8,62,56.1,33.3,76.4,79.7,79.5,63.9,82.7,65.9,76.4,51.5,54.1,81.6,64,73.4,70.4,53,59.3
CV,Cabo Verde,2015,70.4,72.3,85.5,79.1,63.9,60.5,58.3,78.3,83.7,81.7,65,82.7,66.3,76.3,51.1,56.2,81.6,64.6,72.5,71.1,55.7,59.2
CV,Cabo Verde,2016,70.2,71,85.6,79.9,58.8,59.6,50,77.9,81.9,83.1,66.6,80,67,73.8,55.9,56.9,81.6,64.9,71.9,71.8,58,58.1
CV,Cabo Verde,2017,70.5,70.6,84.7,78.9,59,59.7,50,79.1,84.9,84,69.1,78.5,67,73.6,53.9,58.8,81.6,65.5,71.5,71.8,58.9,59.6
CV,Cabo Verde,2018,70.7,71,84.3,79.1,60.5,60.2,58.3,78.7,84.1,84.8,69.4,76.4,68,75.3,54,61.1,81.6,64.9,70.4,70.2,58.8,60.3
CV,Cabo Verde,2019,70.2,70.3,81.7,82.7,59.1,57.7,58.3,78.5,78.7,84,71.1,80,67.3,75.8,53.1,61.6,78.8,64.7,69.4,70.1,58.5,60.7
CV,Cabo Verde,2020,70,70,80.9,82.2,59.4,57.6,50,78,77.5,83.3,70.7,80.5,66,76.9,52.3,58.9,76,65.9,70.3,71.1,61.8,60.2
CV,Cabo Verde,2021,69.4,68.9,81.3,77.9,56.7,59.9,41.7,78.3,78.2,85.5,68.6,81,65.2,76.8,53.6,57.4,73.2,65.3,71.7,69.8,57.7,61.8
CV,Cabo Verde,2022,69.5,68.4,81,77.1,55.6,59.8,41.7,77.8,80.9,84.1,66.6,79.8,64.5,74.9,53.6,56.1,73.2,67.2,73.3,71.1,57.6,66.7
CV,Cabo Verde,2023,69.6,68.6,81.9,76.7,56,59.7,41.7,78,80.9,83.5,66.3,81.3,64.5,74.5,53.9,56.2,73.2,67.5,73.3,71.1,59,66.7
CM,Cameroon,2014,45,42.2,75.3,32.7,30.2,30.4,32.1,42.7,32.8,48.5,34.2,55.4,47.3,42.6,45.4,39.1,62.2,47.8,47.3,54.5,44.3,45.2
CM,Cameroon,2015,45.1,43.8,75.6,33.6,30.2,36,38.4,41.5,30.8,47.8,33.1,54.3,47,43.1,43.9,38.9,62.2,48.2,46.8,54.7,44.6,46.6
CM,Cameroon,2016,44.6,41.8,72.9,33.7,28.8,31.8,25.9,40.6,30.6,44.5,33.1,54.1,46.9,44.1,42.9,38.2,62.2,49,47,54.5,47.7,46.6
CM,Cameroon,2017,43.5,40.1,69.8,32.3,29.4,29,25.9,40.3,27.8,38,33.2,62.3,45.6,40.9,41.5,37.7,62.2,48.2,46.4,53.7,45.8,46.8
CM,Cameroon,2018,42.8,38.5,61.9,32.2,30.2,29.9,32.1,38.6,24.9,36,32.6,60.8,45,39.6,41.1,37.1,62.2,48.9,46.8,52.3,45.5,51.1
CM,Cameroon,2019,43.1,37.4,60.2,30.1,30.6,28.7,25.9,39.8,24.5,36.4,33.2,65.1,45.8,42.6,41,36.9,62.7,49.5,46.5,50.9,45.8,54.8
CM,Cameroon,2020,43,36.3,53.9,30.6,31.8,29,32.1,39.1,24.1,36.9,30.3,65.1,47.2,44.1,41.3,40.2,63.2,49.2,47.1,49.5,45.9,54.4
CM,Cameroon,2021,43.1,36.2,52.8,31.3,32.1,28.8,32.1,40.4,23.4,37.4,33.6,67,47.2,41.6,41.5,42,63.8,48.6,47.4,47.7,45.1,54.3
CM,Cameroon,2022,42.9,35.2,49.3,31,31.1,29.5,32.1,40.4,23.2,37.2,36,65.4,47.3,43.4,40.8,41.4,63.8,48.5,48.4,47.8,43.4,54.4
CM,Cameroon,2023,42.9,34.6,47.9,29.2,31.5,29.6,32.1,41.3,25.4,36.6,36.2,66.8,47.1,43.3,40.8,40.6,63.8,48.7,50,48,43.3,53.6
CF,Central African Republic,2014,28.5,24.4,40.6,22.7,21.6,12.6,10.7,39.6,33.7,35.8,32.8,56,26.4,30.3,25.6,6.1,43.6,23.7,27.7,18.7,14.6,33.5
CF,Central African Republic,2015,30.5,29.9,53.6,24.2,26.6,15.2,10.7,41.6,36.9,37.4,35.3,56.9,26.5,29.9,26.4,6.2,43.6,23.9,27.5,18.7,14.3,35
CF,Central African Republic,2016,31.3,32.3,54.7,27.2,28.9,18.6,10.7,43,42.2,37.8,35.8,56.4,26.7,30.7,25.8,6.5,43.6,23.2,26.6,18.7,13.7,33.9
CF,Central African Republic,2017,31.6,33.8,46.7,28.2,32,28.1,23.2,42.7,44.4,37,34.1,55.3,27,29.9,27.4,7,43.6,22.9,24.8,17.2,15,34.7
CF,Central African Republic,2018,32.8,35,48.4,28.7,33.3,29.7,35.7,44,47,37.2,35.6,56.2,27.6,33.8,25.6,7.6,43.6,24.6,26.9,18.7,16.3,36.3
CF,Central African Republic,2019,32.4,35.3,55.2,28.5,27.8,29.6,29.5,39.7,39.7,34.8,32.2,52,29.8,35.3,27.1,8,48.7,24.7,25.5,21,15.4,37
CF,Central African Republic,2020,31.8,31.2,49.7,28.2,24.7,22.5,27.7,39.4,35.5,35,32.2,54.7,30.9,34,27.5,8.4,53.8,25.5,27.9,19.6,15.5,38.9
CF,Central African Republic,2021,31.7,30.7,44.4,31.2,23.5,23.5,32.1,37.5,32.6,31.9,28.8,56.7,32.9,35.6,28.4,8.8,58.9,25.7,28.1,19.6,16.1,39.1
CF,Central African Republic,2022,31.9,32,52.4,28,24.5,23,32.1,35.6,28.2,31.8,27.9,54.6,33.6,35.9,27.7,11.8,58.9,26.4,29.1,19.6,16.9,40.1
CF,Central African Republic,2023,31.5,30.6,51.5,25.9,21.9,23.2,32.1,34.9,26.7,32.3,23.5,57.1,33.5,35.6,27.8,11.6,58.9,26.9,28.7,19.6,17.3,41.8
TD,Chad,2014,33,33.7,77.1,24.2,18,15.4,9.8,29.6,28.5,35.9,19.8,34.1,35.7,41.7,31.2,12,58.1,33,33.6,20.1,29.5,48.7
TD,Chad,2015,33.5,34.6,77,27.6,22.1,11.7,3.6,29.4,26.7,32.7,21.2,37,36.7,43.1,33.1,12.7,58.1,33.3,34,20.1,31.2,47.8
TD,Chad,2016,33.5,33.4,76.6,25.8,19.3,11.9,9.8,29.4,26.3,33.3,23.5,34.4,36.7,42.8,32.2,13.8,58.1,34.4,34.2,22.9,31.9,48.3
TD,Chad,2017,34.8,36.5,76.8,27,21.4,20.8,22.3,32,23.3,32,23.7,48.9,36.3,39.2,33,14.9,58.1,34.3,34.3,23.1,32.2,47.8
TD,Chad,2018,35.4,36.9,76.2,26.1,24.4,21,22.3,32.8,28,31.8,21.8,49.6,36.1,38,32.5,15.8,58.1,36,34.9,27.7,32.8,48.6
TD,Chad,2019,35.9,35.9,73.2,28.7,21.5,20.2,16.1,32.9,27.4,33,21.7,49.3,37.6,42.6,34.5,16.1,57.1,37.4,35.8,27.8,35.6,50.7
TD,Chad,2020,35.6,35.6,72.7,29.2,20.3,20.3,16.1,31.6,22.4,30.3,23.1,50.6,37.4,43.2,34.9,15.2,56.2,37.9,36.8,29.9,33,51.9
TD,Chad,2021,35.3,34.2,71.1,24.6,18.6,22.4,16.1,30.4,17,31,22.8,50.7,37.4,44.5,32.9,16.9,55.3,39.1,38,31.8,33.1,53.4
TD,Chad,2022,35.3,33.4,71.9,24.9,15.2,21.8,9.8,30.5,15.2,33.9,23.1,49.8,38.2,44.9,33,19.6,55.3,38.9,38.8,33.5,33,50.5
TD,Chad,2023,34.8,32.9,72.2,22.8,13.6,22.7,3.6,30.4,15.4,33.1,23.6,49.4,37.4,45,31.9,17.5,55.3,38.5,38.5,33.6,33.1,48.7
KM,Comoros,2014,47.5,54.1,88.8,48.9,37.8,40.7,58.3,50.5,58.1,50.3,52.1,41.5,39.1,31.5,39.9,30.1,54.9,46.2,52.3,48,31.9,52.5
KM,Comoros,2015,46.8,51.7,88.8,46.4,31.7,39.7,58.3,49.4,49.6,50.5,52.1,45.5,39.7,30.9,42.5,30.6,54.9,46.6,52.2,48,32.9,53.2
KM,Comoros,2016,46.6,51.5,88.8,47.2,29.4,40.6,50,48.2,48.5,48.8,50.8,44.9,39.9,32.6,40.3,31.7,54.9,46.9,52.8,48,31,56
KM,Comoros,2017,45.6,46.3,88.9,46.6,21.2,28.5,0,48.6,48.5,48.6,53.2,44.3,40.2,34.6,39.6,31.8,54.9,47.3,54,48,32.3,55.1
KM,Comoros,2018,44.9,45.1,87.6,43.4,20,29.5,8.3,45.9,38.9,46,53.1,45.7,40,35.1,40.2,29.9,54.9,48.5,54.3,48.2,33.7,57.6
KM,Comoros,2019,43.7,41.5,87.4,34.8,19,24.8,8.3,45.7,35.6,43.7,52.8,50.6,39.8,33.9,42.8,33,49.6,48,55.5,48.3,32.1,56
KM,Comoros,2020,43,40,87.5,36.2,17.8,18.5,0,44.5,33.4,41.9,51.5,51.1,39,32.6,46,32.9,44.3,48.5,56.1,48.9,32.5,56.5
KM,Comoros,2021,42.5,39.6,87.2,34.3,17.9,19.2,0,44.2,33.7,42.5,49.3,51.3,37.5,31.4,47.5,32.1,39,48.6,57.2,48.9,32.1,56.4
KM,Comoros,2022,42.7,40.3,87,35,18.5,20.8,0,43.2,28.7,43.1,50.2,50.6,38.5,31.4,47.1,36.5,39,49,57.3,48.9,33.6,56.2
KM,Comoros,2023,42.8,40.4,86.7,35.7,18.5,20.8,0,43.1,28.7,42.6,50.4,50.5,38.7,31.5,46.8,37.4,39,49.1,58.1,48.9,33.3,56.2
CG,Congo Republic,2014,39.6,41.8,79.6,36.5,26.4,24.6,9.8,33.4,31.8,41,23.2,37.8,35,41.8,31.6,21.8,44.9,48.1,52,48.8,36,55.7
CG,Congo Republic,2015,40,42.1,79.2,37.5,24.5,27.1,22.3,33.9,34.1,38.1,23.2,40.3,35.3,41.9,32.3,22.1,44.9,48.8,51.7,50.6,35.9,56.8
CG,Congo Republic,2016,38.9,40.6,78.5,36.5,20.8,26.7,28.6,32.3,28.1,35.7,23.2,42.1,35.5,37,36.3,23.9,44.9,47.4,50,50.1,33.3,56
CG,Congo Republic,2017,38.8,40.6,78.5,36.3,20.9,26.7,28.6,32.9,30.6,34.7,23.4,43,34.5,34.9,35,23.4,44.9,47.3,49.9,49.3,33.7,56.3
CG,Congo Republic,2018,38.4,41.3,80.1,35.4,21.7,28,34.8,32.4,27.1,34.1,24.4,43.9,32.7,32.2,31.1,22.6,44.9,47.3,50.4,49.1,33.4,56.3
CG,Congo Republic,2019,38.5,39.6,77.7,36.5,21.1,23,9.8,32.8,26,34.2,22.8,48.1,34.4,36,31.1,22.2,48.3,47.1,51.4,49.5,31.7,55.9
CG,Congo Republic,2020,39,39.1,75.6,36.2,23.1,21.5,3.6,33,25.6,35.4,24.3,46.6,35.8,35.7,32.7,23.1,51.7,48.3,54.5,50.1,32.8,55.9
CG,Congo Republic,2021,38.7,39.3,75.6,36.2,22.9,22.8,3.6,30.4,22.5,35.7,24,39.5,37.3,36.2,33.5,24.2,55.2,47.8,55.5,50.1,29.3,56.3
CG,Congo Republic,2022,39.9,39.5,78.7,34.8,23.3,21.1,3.6,33.8,22.5,35.9,24.2,52.6,38.3,38.2,34.1,25.6,55.2,48,55.6,50.1,30.2,55.9
CG,Congo Republic,2023,39.7,39.2,79.4,34.1,23.1,20.1,3.6,34.4,22.3,38.2,23.3,53.9,38.1,38.7,32.1,26.4,55.2,47.3,53.3,50.1,30.3,55.6
CI,Côte d'Ivoire,2014,52.6,55.2,74.7,54.1,40.1,51.8,23.2,57.8,59.1,53,54.7,64.4,52.4,56.9,41.6,45.5,65.7,45.1,51,44.4,47.7,37.5
CI,Côte d'Ivoire,2015,53.8,56.4,75.1,55.3,41.3,54,42,58.2,58.3,55.4,55.9,63.2,53.2,57.1,43.8,46.1,65.7,47.3,52.8,47.4,49.7,39.4
CI,Côte d'Ivoire,2016,54.1,55.1,74.7,55.6,41,48.9,42,58,59.9,55,57.1,60.1,54.2,58.8,45.7,46.5,65.7,49,54.1,48.6,53.2,40.3
CI,Côte d'Ivoire,2017,54,53.8,74.5,54.8,38.7,47.4,35.7,59.4,61.8,54.9,57.2,63.6,54.3,58.5,47.3,45.5,65.7,48.4,54.7,47.5,50.2,41.3
CI,Côte d'Ivoire,2018,54.4,53.5,74.6,53.6,39.4,46.5,48.2,59.9,64.4,55.9,56.7,62.8,55.6,62.2,48.3,46.1,65.7,48.7,55.3,45.9,48.2,45.2
CI,Côte d'Ivoire,2019,54.8,53.3,73.6,52.7,41.1,45.7,42,59.2,59.2,55.6,56.7,65.2,57.3,63.6,48,49.6,68,49.5,55.6,45.2,48.4,49
CI,Côte d'Ivoire,2020,54.3,51.6,72.5,50.8,38.8,44.4,33.9,56.5,52.1,54.5,54.3,64.9,59.2,63.5,49.2,53.8,70.2,50.1,55.3,46.5,49.7,48.9
CI,Côte d'Ivoire,2021,55.2,52.1,74.3,50.9,37.7,45.6,38.4,56.7,51.6,55.5,53.4,66.5,60,62.2,49.6,55.7,72.5,51.8,55.7,49.3,52.7,49.3
CI,Côte d'Ivoire,2022,56.2,53.1,73.3,51,40.8,47.3,40.2,58.2,53.8,55.4,54,69.5,60.6,62.4,50.1,57.5,72.5,52.9,56.2,50.5,54,51
CI,Côte d'Ivoire,2023,56.7,53.8,73.9,52.3,40,48.9,42,58.3,52.7,54.8,54.4,71.1,61.7,62.4,52.7,59.3,72.5,53.2,55,50.2,54.6,53
CD,DR Congo,2014,35.3,33.2,55.2,30.5,30.4,16.7,3.6,35.8,33.7,37.1,26.5,46,35.4,48.3,33.1,20.8,39.5,36.9,38.6,47.9,28.3,33
CD,DR Congo,2015,35.8,34.3,61,28.6,29,18.8,16.1,35.3,34,37.1,25.3,44.6,35.7,49.1,33.6,20.7,39.5,37.7,38.8,48.5,29,34.6
CD,DR Congo,2016,34.4,31.8,57.4,28.9,25,15.9,9.8,33,22.5,39,25.4,45,34.9,46.1,33.4,20.5,39.5,37.8,39.1,48.9,28.4,34.6
CD,DR Congo,2017,33.7,29.9,51.7,26.6,24.1,17.2,9.8,32.4,20.2,34.4,25.8,49.2,34.6,45,30.9,22.9,39.5,37.9,39.3,49.1,27.9,35.2
CD,DR Congo,2018,32.8,27,41.7,24.6,24.9,16.7,9.8,31.7,20.4,33,26.3,47,34.2,42.2,31.2,23.9,39.5,38.2,39.3,48.7,27.6,37.1
CD,DR Congo,2019,33.2,25.3,40.4,27.1,23.8,10.1,3.6,35,31.2,35,26.5,47.2,34,41.9,31.5,23.9,38.7,38.6,40.6,48.8,27.4,37.5
CD,DR Congo,2020,33,23.9,35.2,26.4,22.4,11.5,9.8,36,30.1,37.2,29.3,47.6,33.5,41.8,30.4,24,37.9,38.4,40,48,27.3,38.5
CD,DR Congo,2021,33.1,25.3,38.5,26,23.2,13.4,9.8,35.6,27.5,38.3,28.4,48.2,33.1,40.8,31,23.3,37.1,38.6,40.5,47.7,26.9,39.2
CD,DR Congo,2022,33.2,24.6,35.6,26.6,23.6,12.7,9.8,35.3,29.4,37.2,27.9,46.6,34,41.5,32.1,25.3,37.1,39,42.3,47.8,27,39
CD,DR Congo,2023,32.8,25.3,35.7,26.2,23.3,15.8,9.8,34.7,26.3,35.2,28,49.4,33.4,42.2,31.9,22.3,37.1,37.8,38.2,47.8,27,38.3
DJ,Djibouti,2014,39.2,44.7,81.9,43.3,20.8,33,13.4,26.1,20.3,26,34.5,23.9,37.5,43.8,43.6,25.3,37.2,48.4,55.3,44.2,44,50.3
DJ,Djibouti,2015,39.7,45,82.1,43.2,19,35.5,13.4,25.8,20.8,25.3,33.2,23.9,38.4,44.7,45.6,26,37.2,49.7,56.2,47.3,45.4,49.8
DJ,Djibouti,2016,39.7,44.7,82.1,46.4,15.9,34.3,19.6,25.8,21.9,24.5,33.2,23.7,39.6,44.4,46.2,30.7,37.2,48.7,55.6,47.6,42.2,49.4
DJ,Djibouti,2017,39.5,43.2,82.1,41.2,16.3,33,13.4,25.8,23.9,23.3,33.1,22.8,40.4,44.4,46.7,33.1,37.2,48.9,56,47.7,42.6,49.2
DJ,Djibouti,2018,40.9,43.2,81.7,41,16.1,34,19.6,28.7,24.4,25.6,35.4,29.2,41.9,48.6,47.4,34.2,37.2,49.7,56.8,48.1,44.3,49.7
DJ,Djibouti,2019,41.8,41.9,81.6,41.7,13.6,30.9,19.6,31.1,23.8,26.1,35.9,38.4,42.7,47.8,47.4,35.6,40.1,51.3,56.4,49,49.9,49.8
DJ,Djibouti,2020,42.2,41.6,80.2,41.6,13.4,31.1,19.6,30.4,22.2,25.5,34.9,38.9,43.5,48.3,45.4,37.2,43,53.2,56.8,51.3,54.5,50.2
DJ,Djibouti,2021,42.5,41.4,80.6,41.7,13.4,30.1,19.6,30.9,22.2,25.9,36.5,38.9,43.2,47.6,41.5,37.9,45.9,54.4,58.5,53.4,55.7,49.9
DJ,Djibouti,2022,43,41.2,80.3,41.5,13,30.1,19.6,31.5,23.6,26,37,39.2,44.7,47.7,46.2,38.8,45.9,54.7,58.1,54.2,56.8,49.9
DJ,Djibouti,2023,43.1,41.8,80.4,41.5,12.6,32.6,19.6,31.3,23.6,24.7,37.1,39.8,44.9,47.9,47,38.8,45.9,54.6,57.9,54.2,56.1,50.3
EG,Egypt,2014,48,42.1,68.5,43,19.8,37.2,48.2,27.6,24,19.9,39.4,27.1,59.8,49.4,49.3,73.4,67,62.4,61.3,60.8,63.7,63.9
EG,Egypt,2015,49.3,43.6,63.7,47.4,26.1,37.2,48.2,31,25.7,20.8,39.6,37.7,60.3,51.4,48.6,74,67,62.2,60.6,62.8,61.8,63.8
EG,Egypt,2016,50.3,46,71.5,49.6,25.3,37.7,42,30.7,24.1,21.3,40.1,37.5,61.2,52.1,50.8,74.9,67,63.1,61.9,63.4,63.3,63.9
EG,Egypt,2017,50.6,46.8,72.8,47.4,26.2,40.9,42,30.2,22.5,20.3,40.4,37.7,61.4,53.4,50.7,74.5,67,63.8,63.1,64.2,63.8,64.2
EG,Egypt,2018,50.3,46.8,74.3,47.7,24.8,40.4,35.7,27.7,15.3,18.9,41.2,35.7,61.6,53.7,50.5,75.2,67,65.1,62.8,65,64.7,67.6
EG,Egypt,2019,48.8,41.9,69.9,41.2,20.4,36,29.5,27,12.8,18.3,40.1,36.9,60.3,46,51.5,76.5,67.3,66,63.6,66.9,66.4,67.1
EG,Egypt,2020,48.9,41.5,71.2,40.9,19.1,34.9,21.4,27,12.8,18.7,38.7,37.9,60.9,47,51.6,77.7,67.5,66.1,65.2,67.9,63.5,67.7
EG,Egypt,2021,49.8,43.1,75.6,40.5,18.4,37.9,25.9,28.3,12.4,18.3,39,43.4,60.9,46.3,51.3,78.1,67.8,66.9,66.8,67.6,66,67.2
EG,Egypt,2022,50.5,43.6,77,40.2,19.5,37.8,25.9,29.8,12.2,19.3,39.8,47.9,62.2,46.7,52.1,82.3,67.8,66.4,66.6,65.5,66.2,67.2
EG,Egypt,2023,51,44.5,80.3,41.1,19.2,37.4,25.9,29.9,14.3,16,39.9,49.6,62.8,46.7,53.4,83.2,67.8,67,68.3,65.5,68,66
GQ,Equatorial Guinea,2014,27.4,30.4,90.3,14.8,6.6,9.8,0,18.6,12.7,19.7,20,21.8,19.6,19.6,19.9,19.4,.,41.2,43.8,35.4,34,51.8
GQ,Equatorial Guinea,2015,27.4,30,89.9,14,6,9.8,0,18.2,12.8,19,19,22.1,19.8,19.5,20.4,19.4,.,41.6,43.1,36.1,34.5,52.7
GQ,Equatorial Guinea,2016,27.8,30.1,90,14.5,6.1,9.8,0,18.5,13.9,19,19.1,22.1,20.4,20.7,20.5,19.9,.,42.1,44,36.8,35,52.6
GQ,Equatorial Guinea,2017,27.7,30.1,90,14.5,6.2,9.8,0,18.2,13.9,17.3,19.4,22.2,21,19.9,20.6,22.4,.,41.6,43.7,35.5,34.9,52.3
GQ,Equatorial Guinea,2018,28.2,31.5,89.5,16.3,6.3,13.8,0,18.3,14.1,17.4,20.2,21.6,21.3,19.4,20.9,23.7,.,41.7,44.1,35.3,34.8,52.8
GQ,Equatorial Guinea,2019,28.5,31.2,89.1,15.8,6.1,13.8,0,18.6,13.2,17.5,20.8,22.8,22.8,23.8,20.7,23.8,.,41.4,43.3,36.4,32.9,53.2
GQ,Equatorial Guinea,2020,28.4,31.2,87.6,17.2,6.3,13.8,0,17.3,12.3,14.7,20,22.4,23.3,23,21.1,25.6,.,41.8,44.5,37.3,31.3,54
GQ,Equatorial Guinea,2021,28.9,31.7,87.9,18.1,6.8,13.8,0,17.4,11.8,15.2,21,21.4,24.5,24.1,22.5,26.8,.,41.9,44.2,37.3,30.7,55.5
GQ,Equatorial Guinea,2022,28.9,31.3,86.3,16.5,8.6,13.8,0,16.6,10.2,16.6,18.9,20.7,24.8,23.5,23.2,27.5,.,43.1,48.5,37.1,31.1,55.6
GQ,Equatorial Guinea,2023,30.1,31.2,86.3,17.1,8.2,13.4,0,19.4,10.9,16.3,18.4,32.2,25.9,26.6,23.2,28.1,.,43.9,51.4,37.1,31.4,55.6
ER,Eritrea,2014,25.6,22.9,51,9.3,5.1,26.4,0,21.1,2.9,7.8,27.1,46.4,19.5,34.1,20.8,8.2,14.8,38.8,48.3,42.8,24.1,40.1
ER,Eritrea,2015,25.6,23.1,50.5,9.3,5.2,27.6,6.3,20.5,2.8,7.8,25.9,45.6,19.4,33.1,20.9,8.7,14.8,39.4,49.8,42.3,24.9,40.7
ER,Eritrea,2016,25.6,22.5,50.8,10.3,5.2,23.7,6.3,20.4,2.6,7.8,25.5,45.6,20.4,33.9,23.9,9,14.8,39,48.4,42.7,24.1,40.9
ER,Eritrea,2017,26.1,23.1,50.1,9.8,5.5,26.9,0,20.2,2.4,7.4,25.4,45.6,20.3,34.9,22.6,8.8,14.8,40.8,50.3,46.3,25.4,41.2
ER,Eritrea,2018,25.5,22.8,50.1,11.6,5.8,23.6,0,19.4,2.5,5,23.2,46.9,19.9,31.1,23.6,10.1,14.8,39.9,49.2,42.5,26.1,41.6
ER,Eritrea,2019,26,22.6,50.4,11.9,4.3,23.9,0,20.8,3.2,6,24.4,49.6,20.7,26.5,24.1,11.4,20.9,39.7,49.2,40.1,27.2,42.4
ER,Eritrea,2020,26.5,22.1,49.8,10.7,4,24.1,0,21.1,3.8,4.2,23.7,52.6,22.5,24.8,23.6,14.8,26.9,40.1,47.5,40.1,29.6,43.4
ER,Eritrea,2021,26.8,22,50.2,10.7,4,23,0,21.9,3.4,7.9,23.5,53,23.8,22.4,23.7,16.1,32.9,39.5,46.7,38.7,29.3,43.2
ER,Eritrea,2022,27.4,21.9,50.1,10.7,3.4,23.4,0,21.6,3.3,9.1,24.8,49,25.6,25.3,23.6,20.7,32.9,40.4,53.7,36.6,28.5,42.8
ER,Eritrea,2023,27.5,21.9,50.2,11.3,2.9,23.1,0,21.3,3.4,5.7,23.4,52.7,25.9,26.8,23.7,20.1,32.9,41.1,52.9,38.7,29.9,42.8
SZ,Eswatini,2014,46.7,45,77.2,33.5,26.6,42.6,25.9,34.9,17.9,31.6,44.9,45,52,47.8,48.9,41.4,70,55,57.8,63,48,51.1
SZ,Eswatini,2015,47,45.7,77.3,35.8,25.1,44.7,38.4,35,17.9,34.4,44.9,42.9,52.1,48.1,49,41.2,70,55,58.6,61.7,48.3,51.4
SZ,Eswatini,2016,46.3,45.6,77.1,35.5,24.7,45.4,38.4,33.7,18,31.9,44.1,40.7,51.4,45.6,47.8,42,70,54.7,59.8,62.3,45.6,50.9
SZ,Eswatini,2017,47,46.9,77.2,37.4,25.8,47.1,38.4,33.2,18.1,30.3,42.1,42.3,52.8,45,47.8,48.5,70,55.3,61,62.8,45.7,51.5
SZ,Eswatini,2018,47.2,46.4,76,38.3,26.1,45.3,38.4,33.5,19.2,32.6,40.1,42.3,53.2,44.3,50.2,48.2,70,55.9,61.2,62.6,47.3,52.3
SZ,Eswatini,2019,47.3,47,77,38,26.7,46.1,38.4,35.5,21.9,31.6,40.9,47.5,51,43.8,48.5,48.3,63.4,55.6,61.3,61.4,46.4,53.3
SZ,Eswatini,2020,47.2,46.9,76.4,39.1,27.3,44.6,32.1,36.4,23.7,30.1,43.4,48.3,49.5,46.4,47.3,47.4,56.9,56.1,61,60.1,48.5,54.7
SZ,Eswatini,2021,45.6,44.9,72.8,39.8,25.6,41.3,32.1,34.8,20,26,44.2,49,47.2,43.7,46.5,48.1,50.4,55.4,61.9,59.4,46.6,53.8
SZ,Eswatini,2022,44.1,40.6,66.5,35.1,21.4,39.3,32.1,33.5,18.9,24.3,42.3,48.6,47.6,45.4,44.5,50,50.4,54.6,60.5,58.2,45.5,54.3
SZ,Eswatini,2023,44.5,40.6,67.6,35.8,22,37.1,25.9,33.7,18.7,25.4,42.1,48.8,47.6,45.4,44.7,50,50.4,55.9,65.5,58.2,44.9,55
ET,Ethiopia,2014,45.9,48.4,76.9,38.6,28.7,49.5,34.8,36.2,29.5,33.2,33,49.2,49.3,60,37.6,36.6,62.7,49.6,53.1,52.5,45.7,46.9
ET,Ethiopia,2015,46.5,47.3,73.6,39.9,27,48.7,41.1,38.1,33.1,37,31,51.3,49.4,60.2,38.2,36.7,62.7,51.1,54.4,53.1,46.9,49.7
ET,Ethiopia,2016,46.6,46.6,69.9,39.6,26.5,50.2,47.3,37.7,31,36,31.4,52.3,49.8,60.1,37.9,38.4,62.7,52.3,55.3,53,52,48.8
ET,Ethiopia,2017,45.7,44.5,70.7,36.4,26.3,44.7,28.6,36.4,28.9,35.4,31.6,49.6,49.9,60.8,38.6,37.6,62.7,52.1,56.7,53,49.4,49.2
ET,Ethiopia,2018,47.8,44.7,67.3,37.5,28.8,45.2,7.1,41.3,35.8,40.4,35.2,53.7,50.9,63.6,38.8,38.6,62.7,54.1,57.4,54,48.7,56.3
ET,Ethiopia,2019,49.9,48.7,74.7,37.6,34.3,48.3,35.7,44.6,44.1,39,37.5,57.6,52,60.3,43.1,40.5,64,54.5,57.7,55.2,48.2,56.9
ET,Ethiopia,2020,49.8,45.8,63,38,35,47.3,29.5,46.4,43,37.5,38.4,66.7,52.4,61,43.3,40,65.3,54.6,59.2,55.5,46.3,57.3
ET,Ethiopia,2021,48.8,44.2,53.4,36.9,39.6,47.1,29.5,46,42.1,32.6,40.2,69.1,51,57.9,38.8,40.7,66.6,54,59,55.4,45.5,56
ET,Ethiopia,2022,49.2,45.1,52.9,39.3,40,48.1,29.5,44,44.7,34,36.1,61.1,54,60.4,43.5,45.5,66.6,53.7,59.4,54.9,44.2,56.3
ET,Ethiopia,2023,48.4,44.1,51.9,38.7,39.5,46.4,23.2,41.9,41.9,28.5,36.3,60.8,54.4,60.4,43.2,47.4,66.6,53.3,59.2,55.3,43.5,55.1
GA,Gabon,2014,45.9,42.7,76.1,38.3,26.6,29.7,23.2,48.7,43.6,46,49.7,55.3,39.9,35.4,40.8,43.5,.,52.2,53.1,41.7,51.4,62.5
GA,Gabon,2015,46,42.8,76.1,38.4,26.3,30.5,23.2,47.8,42.3,44.1,49.7,55.2,40.7,35.5,41.8,44.9,.,52.5,53.9,41.8,50.3,64
GA,Gabon,2016,45.3,41.5,74.6,36,27.3,27.9,17,45.8,37.9,40.4,49.5,55.5,41.7,36.4,44,44.5,.,52.2,53.6,40.5,50.8,64
GA,Gabon,2017,44.5,39.1,75.2,34.3,22.2,24.4,17,46.7,38.6,37.6,48.2,62.3,40.8,35.4,43.5,43.5,.,51.6,53.7,37.2,47.2,68.5
GA,Gabon,2018,45,39.4,74.1,33.7,23.7,25.9,17,48.5,43.8,38.4,49.4,62.4,40.7,33.9,43.1,45,.,51.5,53.6,37.1,48.2,67.2
GA,Gabon,2019,44.6,39.5,74.5,34.7,24,24.8,17,48.4,41.7,37.8,49.6,64.4,40.7,33.7,43.3,45.2,.,49.9,52.6,34.1,45.9,67.2
GA,Gabon,2020,45,38.5,73.5,34.4,22.4,23.6,15.2,48.6,42.2,37.6,51.4,63.3,40.5,31.5,44,46,.,52.2,53.2,38.6,50.2,67
GA,Gabon,2021,45.9,39.2,74.1,35.7,22.9,24,13.4,50.8,41.9,38.5,51.1,71.6,41.2,35.7,42.7,45,.,52.4,54.1,41.3,47,67.2
GA,Gabon,2022,46.5,39.5,73.8,35.8,22.8,25.6,15.2,50.8,42.1,38.3,50.4,72.4,42.5,38.7,42.2,46.7,.,53.1,54.7,42,48.3,67.2
GA,Gabon,2023,46.6,39.8,74.5,35,23.6,26.3,17,49.9,38.4,38.9,50.8,71.7,42.5,38.4,42.3,46.6,.,54.2,56.8,42.7,48.9,68.5
GM,Gambia,2014,47.5,49.6,78.6,42.2,33.5,44.3,17,41.1,24.4,45.7,48.3,45.8,48.7,47,53.5,34.2,60,50.6,55.7,55.4,50.3,41
GM,Gambia,2015,47.3,48.4,78.1,41.5,32,42.2,10.7,41.8,25.5,47,48.6,46.2,48.3,45.4,50.7,36.9,60,50.7,56.6,56.1,48.8,41.4
GM,Gambia,2016,47.3,49.2,78.7,43.1,31.4,43.8,10.7,41.6,28,45.7,48.6,43.9,47.5,44.9,48.3,37,60,50.8,55.7,56.9,48.6,41.7
GM,Gambia,2017,53.9,58.2,80.9,55.9,42.5,53.5,23.2,56.8,54.3,61.5,62.5,48.8,49.2,50.9,48.3,37.7,60,51.5,55.8,58.5,49.7,41.8
GM,Gambia,2018,55.7,58.8,80.5,57.7,43.2,53.9,23.2,59.5,59.9,62.4,63.3,52.5,51.5,51.5,53.1,41.4,60,52.9,56.5,60.9,50.4,43.6
GM,Gambia,2019,54.8,58,80.8,55.9,42.9,52.4,23.2,58.7,57.1,62.9,61.3,53.4,50.9,54.1,51,39.4,59.3,51.7,55.3,60.1,47.9,43.5
GM,Gambia,2020,54.5,56.7,80.1,54,42.1,50.7,19.6,59.3,56.8,62.8,62.4,55.3,50.9,55.1,52.7,37.3,58.6,50.9,54.6,58,46.6,44.3
GM,Gambia,2021,54,56,78.8,52.2,43.9,49.3,16.1,59.9,56.7,63.1,63,56.8,50.4,56,51.5,36.4,57.8,49.7,53.1,57.2,44.2,44.5
GM,Gambia,2022,54.3,55.6,77.5,51.4,43.6,50,17.9,60.4,59.4,63.2,62.1,56.9,49.7,55.2,52.2,33.7,57.8,51.4,54.8,60.4,43.9,46.7
GM,Gambia,2023,54.7,56.4,77.6,52.9,44.8,50.5,19.6,60,58.6,61.5,62.8,56.9,49.9,55.7,52.3,33.7,57.8,52.7,57.1,61.8,43.6,48.4
GH,Ghana,2014,61,67.3,81.7,75,65.7,46.8,61.6,73.3,74.5,78,64.1,76.4,51.6,47.4,45.7,40.7,72.6,52,53.2,51.1,51.7,52.1
GH,Ghana,2015,62.2,67.7,81.9,75.1,67.1,46.6,61.6,73.4,75.9,76.6,65.2,75.8,53.6,49.8,48.4,43.6,72.6,54.1,55.3,54.8,53.8,52.7
GH,Ghana,2016,63.3,68.4,82.3,75.1,67.5,48.8,72.3,73.8,77.1,75.7,66.4,76.1,55.8,52.9,50.7,47,72.6,55.1,57.3,58,54.8,50.1
GH,Ghana,2017,64.4,69,82.9,77,65.6,50.5,70.5,74.6,79.6,75.9,66.7,76.4,57.1,51.5,53.6,50.6,72.6,56.9,59.5,60.3,56,51.7
GH,Ghana,2018,63.5,65.9,81.2,71.1,64.3,47,51.8,74.2,75.7,77,67.2,77.1,56.5,50.2,53.5,49.8,72.6,57.2,60,60.7,56.4,51.7
GH,Ghana,2019,63.4,63.5,78.6,67.3,63.9,44,51.8,74.4,77.8,74,68.1,77.7,58,53.7,53.9,50.6,74,57.7,60.7,61.6,56.3,52.4
GH,Ghana,2020,62.6,61,75.9,65.4,60.4,42.2,39.3,73.5,75.6,72.3,67.9,78.2,59.2,55.7,53.8,51.9,75.3,56.7,60.1,61.9,54.7,50
GH,Ghana,2021,61.9,59.7,76,60.5,59.9,42.3,45.5,72,67.9,71.5,68.9,79.5,59.6,58.4,52.5,50.9,76.6,56.5,60.1,61.1,54.3,50.4
GH,Ghana,2022,61.9,59.8,72.8,61.2,59.9,45.3,45.5,72.8,70.7,71.3,69.1,79.9,59.2,57.1,52.5,50.6,76.6,55.8,60.6,60.4,53.4,48.9
GH,Ghana,2023,62.2,60,73.2,60.1,62.5,44.4,45.5,73.5,71.2,72.4,69.3,81,59.1,57.1,52.9,49.9,76.6,56,60.6,60.5,53.3,49.6
GN,Guinea,2014,42.2,44.1,72.8,38.4,37.8,27.3,20.5,43.4,37.4,54.9,39.6,41.7,40,49.5,37.8,19.4,53.2,41.5,43.7,38.9,40,43.3
GN,Guinea,2015,42.6,43.6,73.1,37.4,37.6,26.5,14.3,42.7,35.8,53.4,40,41.7,41.5,50.1,40.2,22.6,53.2,42.6,45.1,40.8,40.7,43.6
GN,Guinea,2016,42.8,43.1,73.2,36.3,36.2,26.8,26.8,43.8,39.5,52.9,41.5,41.3,42,54.3,38.4,22,53.2,42.4,44.8,41,39.9,44
GN,Guinea,2017,42.2,41.7,72.2,35,34.8,24.9,26.8,44.7,39,51.9,43,45,40.5,49.8,38.2,20.8,53.2,42,42.4,39.7,40.1,46
GN,Guinea,2018,42.3,41.7,70.8,34.6,35.1,26.5,26.8,44.2,38.2,51.1,42.6,45,40.8,48.7,37.9,23.1,53.2,42.4,41.8,38.9,41.4,47.6
GN,Guinea,2019,42.1,40.9,69.5,32.8,34.4,27,20.5,42.7,33.9,48.5,41.2,47.2,42.2,46.3,39.4,25,58.1,42.5,42.7,38.7,40.6,48.1
GN,Guinea,2020,41.4,39.8,68.2,31.8,31.9,27.3,18.8,40.2,30.1,44.2,40,46.6,43.5,45.9,38.5,26.6,63,41.9,44.4,34.3,41.4,47.6
GN,Guinea,2021,42.3,39.8,69.9,30.6,30.3,28.2,17,39.6,27.9,43.5,38.6,48.4,44.7,46.7,36.4,27.6,67.8,45.2,46.4,39.7,46.2,48.5
GN,Guinea,2022,42.4,40.2,70.4,30.8,29.6,30,17,38.7,25.6,42.1,38,48.9,45.1,47.3,36.4,28.7,67.8,45.6,47.7,40.2,46.4,47.9
GN,Guinea,2023,41.9,39.5,70.2,29,28.5,30.3,17,37.9,24.9,42.1,35.7,48.8,45,46.9,36.3,28.9,67.8,45.1,45,40.4,46.6,48.4
GW,Guinea-Bissau,2014,39.9,47.4,89.2,46.5,36.4,17.6,7.1,47.1,49.1,47.6,42.4,49.5,30.6,28.2,32.9,12.8,48.4,34.3,42.3,27.5,27,40.5
GW,Guinea-Bissau,2015,42.2,50.9,88.7,54.6,33.9,26.4,50.9,50.2,61,49.4,42.1,48.2,32.7,28.4,41,13.2,48.4,35.1,40.9,28.6,28.7,42.2
GW,Guinea-Bissau,2016,41.5,48.8,89.4,49.4,34.2,22.1,19.6,48.1,53.3,50,42.1,46.8,33.3,28.1,42.6,14.1,48.4,35.8,42,29.8,29.7,41.6
GW,Guinea-Bissau,2017,41.4,49.5,90.7,49.8,36.6,20.9,13.4,46.3,49.7,48.2,42.1,45.4,33.1,29.9,39,15,48.4,36.5,41.2,30.9,30.6,43.4
GW,Guinea-Bissau,2018,42.1,50.5,90.9,49.9,39.3,21.8,19.6,47.1,48.9,48.6,42.4,48.6,33.3,29.8,39.4,15.5,48.4,37.6,41.7,32.1,30.6,46
GW,Guinea-Bissau,2019,42.1,50.5,89,49.2,41,22.8,25.9,48.7,54.7,49.2,41.6,49.4,31.5,28.7,40.2,16.1,40.9,37.9,41.7,32.1,29.8,47.8
GW,Guinea-Bissau,2020,41.8,49.7,85.9,49.7,38.6,24.9,32.1,48.8,53.4,48.2,41.7,52,29.9,28,40.5,17.4,33.5,38.9,44.1,32.1,29.8,49.6
GW,Guinea-Bissau,2021,41.4,49.9,86.1,49.1,37.7,26.7,38.4,48.3,50.9,46.8,43.4,52,27.9,30.2,36.3,19.2,26,39.5,44.9,32.1,30.1,50.8
GW,Guinea-Bissau,2022,41.3,48.7,83.7,47.3,38.4,25.4,32.1,48.4,49.8,46,43.4,54.5,28.5,31,36.3,20.6,26,39.4,45.2,29.4,31.5,51.6
GW,Guinea-Bissau,2023,40.9,48.9,84.8,47.3,38,25.7,32.1,47.4,51.2,46.3,41.9,50.1,28.5,26.7,40.6,20.6,26,38.8,44.2,26.6,31.9,52.4
KE,Kenya,2014,57.8,55.8,71.7,52.1,55.5,43.8,63.4,59.9,62.9,60,54.1,62.4,59.3,58.6,54.9,44,79.9,56.4,60.5,64.5,49.7,50.9
KE,Kenya,2015,58.6,57.2,73.7,54.1,56.9,44.1,50.9,59.8,61.8,60.9,54.9,61.7,60.5,59.1,55,48,79.9,56.7,61.6,64.1,49.8,51.2
KE,Kenya,2016,59.4,58.4,74.8,55.3,58,45.6,63.4,59.9,61.5,59.6,55,63.4,61.5,60.3,55.5,50.3,79.9,57.9,62.4,65.1,51.6,52.5
KE,Kenya,2017,59.4,58.6,71,57,58.7,47.7,69.6,59.3,54.1,62.4,55.2,65.3,62.6,60.6,58.1,51.8,79.9,57.3,62.3,64.9,49,53
KE,Kenya,2018,58.8,55.8,71.7,54.3,55.1,41.9,52.7,58.5,52.7,59.2,56.2,66,61.9,55.3,56.9,55.3,79.9,59.2,62.9,66.2,53,54.7
KE,Kenya,2019,59.2,55.7,72.3,55.1,55.3,40.2,54.5,60.6,55.5,61.9,56.6,68.5,62.4,54.7,57,57.7,80.3,57.9,62.7,64,50.2,54.7
KE,Kenya,2020,59.2,54.5,69.6,54.3,54.4,39.8,60.7,62,56.3,63.4,57.2,71.1,62.6,54.9,55.9,59,80.7,57.5,63.2,63.9,49.2,53.8
KE,Kenya,2021,59.9,54.6,69.1,54.3,54.1,41.1,60.7,62.9,57.8,63.5,58.1,72.3,62.7,57.3,52.8,59.5,81.1,59.3,63.9,64.6,52.6,56
KE,Kenya,2022,60.5,55.1,66.4,55.8,55.7,42.5,65.2,64.5,63.8,62.2,59.4,72.8,62.8,55.8,53,61.4,81.1,59.5,61.5,67.1,52.5,57.1
KE,Kenya,2023,60.3,54.5,63,56.3,56.8,42,63.4,63.8,61.6,61.5,58.7,73.4,63,56.1,53.2,61.5,81.1,59.9,62.7,67,52.4,57.5
LS,Lesotho,2014,55.8,60.8,79.2,61.6,43.5,58.7,54.5,62.1,64.7,66.4,62.2,55,49.2,60,47.4,30.6,58.9,51.3,50.9,56.4,45.5,52.3
LS,Lesotho,2015,55.5,58.3,77.5,62.2,41.2,52.4,54.5,62.4,67.1,63.3,63.7,55.6,49.7,59.8,49.4,30.7,58.9,51.6,51.6,58.4,44.3,52.3
LS,Lesotho,2016,55,56.4,77.5,62,38,48.2,48.2,61.6,62.7,61.9,63.5,58.2,50.4,61.5,50.2,31,58.9,51.7,53.1,59.7,41.7,52.2
LS,Lesotho,2017,55.4,57,77.7,64.7,37.1,48.6,48.2,61.1,62.2,59.5,64.2,58.6,50.5,63.9,47.5,31.7,58.9,52.8,54,61.4,42.7,53.2
LS,Lesotho,2018,54.7,55.2,77.4,59.7,36.6,47,48.2,61,63.5,59,63.5,58.1,49.7,62.2,47.1,30.7,58.9,52.9,53.6,62,42.5,53.3
LS,Lesotho,2019,53.8,53.4,75.6,59.2,35.8,43.1,29.5,59.8,62.9,57.9,61.7,56.6,50,62.2,47,31,59.9,51.9,53.1,60.3,41.6,52.8
LS,Lesotho,2020,53.8,53.5,73.5,62.5,35.8,42,42,59.5,60.5,58.4,63.2,55.9,50.4,64.2,46,30.6,60.9,51.9,53.2,59.7,41.1,53.8
LS,Lesotho,2021,53.4,52.7,72.6,59.4,35.9,43,42,59,58.7,56.5,62.1,58.6,50,63.2,45.5,29.5,61.9,51.8,54.4,58.8,40.1,53.8
LS,Lesotho,2022,53.7,52.4,71,59.1,36.5,43.2,42,60.6,61.2,58.9,60,62.4,50.1,62.9,44.5,31.2,61.9,51.8,54.2,58.5,40.7,53.7
LS,Lesotho,2023,53.9,52.4,69.8,59.5,37.7,42.6,42,60.7,61.1,56.9,58.2,66.6,50,62.4,44.6,31.1,61.9,52.3,54.5,59.3,41.5,53.9
LR,Liberia,2014,45.3,52.7,76.9,49.4,45.8,38.9,49.1,56.9,63.2,63.8,51.4,49.2,34.8,36.2,38.4,24.5,40.2,36.7,39.8,38.6,32.8,35.7
LR,Liberia,2015,46,54.7,76.3,49.3,48.6,44.6,74.1,57.6,68.8,63.3,49.3,49.2,35.1,36.1,39,25.1,40.2,36.8,40.9,38.2,32.3,35.7
LR,Liberia,2016,47.4,55.9,78.2,50.3,52.9,42.1,59.8,58.3,64.5,63.1,49.7,56.1,37.4,40.1,43.3,26.1,40.2,38,42.2,40.1,33.3,36.3
LR,Liberia,2017,48.8,57,79.8,52.4,53.8,41.8,51.8,60.5,72.3,62.3,51.3,56.1,38.3,46.6,41.2,25.2,40.2,39.4,43.6,40.4,35.9,37.5
LR,Liberia,2018,49,55.4,80.1,53,51.9,36.5,37.5,60.3,70.9,59.8,51.5,58.9,39.2,49.7,42.4,24.6,40.2,41.2,45.1,42.3,37.1,40.2
LR,Liberia,2019,47.8,51.6,78,47,49.9,31.5,42,58.6,67,56.4,50.6,60.6,41.1,49.9,41.1,22.9,50.5,39.7,41.8,40.1,36.4,40.5
LR,Liberia,2020,47.4,50.1,76.2,46.9,49.2,28,27.7,57.9,62.5,58.2,50.2,60.6,42.8,47.9,41.3,21.2,60.8,39,42,38.6,35.8,39.5
LR,Liberia,2021,48.2,49.1,75.4,45.9,48.9,26.1,25.9,57.7,61,59.1,48.2,62.5,46.4,49.3,42.2,22.8,71.1,39.8,43.1,40.8,35.6,39.6
LR,Liberia,2022,48.8,48.6,74.2,46.4,48.8,25,32.1,59.2,62.2,62.8,47.5,64.4,46.7,46.2,43.6,25.8,71.1,40.9,46,43.3,35.6,38.6
LR,Liberia,2023,49.1,48.8,74.4,47,48.7,25.1,32.1,60.6,65.1,65.3,47.4,64.5,46.8,46.3,43,26.9,71.1,40.1,42.8,43.3,36,38.4
LY,Libya,2014,36.7,24.8,43,25.8,18.9,11.6,0,34.5,33.3,33.5,42,29.3,34.6,23.9,31.2,48.6,.,52.8,62.1,46.7,41.7,60.8
LY,Libya,2015,37.2,25.4,45.3,25.4,17.5,13.2,0,35.1,36.9,33.1,43.4,27,35.7,23.2,31.8,52.1,.,52.7,63.4,47.5,39.8,60.2
LY,Libya,2016,38.1,27.4,46.8,25.7,22.2,14.6,12.5,34.9,37.3,31.8,43.7,27,37.1,23.5,34.3,53.5,.,53.1,63.2,47.5,41.6,60.2
LY,Libya,2017,37.8,27,50.5,24.6,19.4,13.6,12.5,33,36.4,28.9,40,26.8,37.1,23.3,33.1,55,.,54.1,62.3,47.5,45.1,61.3
LY,Libya,2018,37,27.5,53.9,21.9,18.2,15.8,14.3,34.1,35.4,28.9,41,31.3,34.8,19.8,29.3,55.3,.,51.6,60.6,44.4,39.7,61.5
LY,Libya,2019,35.7,24.5,46.5,20.9,18.7,11.9,9.8,33.8,35.9,28,40,31.2,33.8,17.8,27.1,56.5,.,50.7,59.8,44.4,38.9,59.8
LY,Libya,2020,35.9,24.4,47,21,17.8,11.9,9.8,33.8,36.3,28.3,40.6,30.2,34.9,19.3,28.8,56.5,.,50.6,60,44.4,39.2,59
LY,Libya,2021,37,31.1,66.6,25.8,19.5,12.6,3.6,31.7,32,28.1,37.4,29.3,35.5,19.9,29.8,56.8,.,49.8,58.4,42.6,40,58.1
LY,Libya,2022,38.2,31.9,67.1,24.1,18.6,17.7,9.8,31.8,31.8,27.8,37.8,29.7,39,20.5,33.5,63,.,50,59.5,42.6,39.1,58.7
LY,Libya,2023,38.4,33,68.7,25.2,18.4,19.6,16.1,31.4,31.8,26.3,38.4,29,39.2,20.6,33.7,63.4,.,50.1,60.2,42.6,38.2,59.6
MG,Madagascar,2014,44.5,49.2,72,50.8,40.7,33.4,29.5,53.1,62,54.1,43,53.2,40.8,48.4,35,23.2,56.5,34.8,42.2,42.9,28.3,25.7
MG,Madagascar,2015,44.6,49.9,71.8,51.5,42.7,33.8,35.7,51.9,53.8,55.7,44.4,53.7,41.5,50,34.5,24.9,56.5,35.1,42.1,43.4,27.5,27.6
MG,Madagascar,2016,44.8,48.9,72.4,50.6,40.5,32.3,35.7,52.5,57.3,54.1,44.4,54.1,41.9,51.3,35,24.8,56.5,35.8,43.5,45.3,28,26.4
MG,Madagascar,2017,44.3,48.1,71.9,48,40.1,32.6,48.2,51,54,51.2,44.2,54.5,41.5,51.5,34,24.1,56.5,36.5,43.9,47.4,28.2,26.3
MG,Madagascar,2018,44.7,48.2,72.4,46.3,39.8,34.4,54.5,49.5,53.2,49.3,43.1,52.5,42.4,52.1,35.4,25.5,56.5,38.6,45.1,49.9,28.7,30.7
MG,Madagascar,2019,44.5,46.7,68.3,45.9,38,34.5,60.7,49.5,55.7,50.5,39.8,52,42.6,51.9,36.8,26,55.8,39.1,44.7,48.7,28.8,34.3
MG,Madagascar,2020,44.8,47.4,68.4,46,41.3,33.8,54.5,49.6,52.6,50.6,38.9,56.3,42.8,52.6,37.3,26,55.2,39.6,44.9,48.8,28.3,36.6
MG,Madagascar,2021,45.5,47.9,69.4,46.1,41.8,34.2,54.5,51.2,55.8,53,38.7,57.4,42.8,52.5,38.1,25.9,54.5,40,44.6,49.4,27.4,38.7
MG,Madagascar,2022,45.8,48.7,70.5,46,43.8,34.5,46.4,51,53,54.3,38.5,58.2,43.4,53,38.1,27.9,54.5,40.2,45.7,49.3,28.1,37.9
MG,Madagascar,2023,45.3,47.7,67.1,46.3,43.5,33.9,44.6,50.2,50.8,53.7,38.6,57.6,43.6,53.3,38.3,28.2,54.5,39.8,46.2,49.4,28.2,35.7
MW,Malawi,2014,54,59.6,82.7,61.2,54.3,40.1,29.5,58.4,62.9,68,45.8,56.8,51.5,69.3,42.1,24.7,70,46.6,56.9,46.6,38.8,44.2
MW,Malawi,2015,54,59.4,84.1,60.8,52.3,40.3,42,60,66.9,69.4,46.8,56.8,50,64.1,41.3,24.7,70,46.7,56.2,46.1,39,45.5
MW,Malawi,2016,52.9,57.8,83.7,57.5,50.8,39.3,48.2,59.7,63.9,66.2,48.7,60,48.2,59.6,39.5,23.7,70,46,55.4,45.2,37.6,45.7
MW,Malawi,2017,53.1,58.4,84.3,58.3,51.8,39,54.5,59.2,64.3,65.4,47.8,59.4,47.5,52.7,40.8,26.5,70,47.2,56.8,45.7,39.4,46.8
MW,Malawi,2018,53.1,58.9,82.9,59.9,55.5,37.2,42,57.5,59.5,64.1,46.6,60,48.3,54.2,41.9,27.3,70,47.7,57.2,45.4,40,48
MW,Malawi,2019,53.3,58.6,82.7,60.6,53.8,37.1,35.7,54.7,50.3,62,45.4,61.3,51.7,63,42.7,27.8,73.3,48.2,57.9,45.3,40.5,49.1
MW,Malawi,2020,54,60.5,83.4,62.6,55.2,40.8,37.5,56.6,57.8,63.3,45.3,59.8,50.9,58.2,41.7,26.8,76.7,48.1,58.2,46.9,39.8,47.5
MW,Malawi,2021,54.7,62,82.4,64.8,58,42.8,51.8,57,58,63.7,45.3,61.1,50.6,55.6,41.3,25.6,80.1,49,59.1,48.3,39.5,49.2
MW,Malawi,2022,54.5,61.9,81.1,65.3,57.7,43.4,50,57.9,59.8,62.1,45.5,64.1,49.8,50.1,42.2,27,80.1,48.3,58.1,48.9,39.2,47
MW,Malawi,2023,55.2,62.6,81.1,66.2,59.2,43.9,42,59,61.4,64.4,44.4,65.7,50.2,49.9,43,28,80.1,49.2,60.3,48.9,39.5,48
ML,Mali,2014,47.8,50.5,71,47.2,43.7,40.2,54.5,51.3,63.8,55.8,51.8,34.1,46.2,54,44.5,28,58.3,43.1,48.9,33.5,49.5,40.6
ML,Mali,2015,47.9,51,70.1,49.3,44,40.4,35.7,51.3,64.1,54.2,50.9,35.9,46,54.3,42.8,28.5,58.3,43.5,50.7,34.3,48.2,40.9
ML,Mali,2016,47.5,50.9,69.7,48.4,45.9,39.6,35.7,49.1,60.2,51.6,50.9,33.6,47.2,56.2,44.6,29.5,58.3,42.9,52,33.9,45.4,40.3
ML,Mali,2017,46.6,48.5,63.5,46.7,45.5,38.2,35.7,48,57.8,48.5,51.4,34.4,46.8,55,43.8,29.9,58.3,43.3,52.6,35,45.8,40
ML,Mali,2018,45.4,46,59,45.8,43.3,35.8,35.7,46,49.1,49.9,50.3,34.7,46.7,56.3,40.5,31.7,58.3,43,52.3,32.7,45.9,41
ML,Mali,2019,45.2,44.8,59.1,44.5,42.6,32.9,35.7,46.9,49.7,52,50.7,35.2,46,51,39.5,31.6,62,43.1,52,31.4,46.7,42.3
ML,Mali,2020,43.5,40.2,52.7,42.1,35,30.8,35.7,45.7,46.6,49.9,49.6,36.7,46,49.4,39.3,29.7,65.7,42.2,50.1,28.6,46,44.1
ML,Mali,2021,43.5,40.3,53,40.1,32.6,35.4,35.7,43.1,41.4,48,47.2,35.7,47.3,47.4,39.9,32.5,69.4,43.3,53.4,32.6,42.1,44.9
ML,Mali,2022,43.6,38.6,46.9,39.1,31.1,37.4,35.7,42.8,40.2,44.8,49.4,36.8,47.9,46.1,39.8,36.3,69.4,45.3,55.5,35.5,45.3,44.8
ML,Mali,2023,43.2,38.4,45.8,38.6,31.4,37.8,42,41.5,35.6,43.4,50.1,36.8,48.1,46.6,39.9,36.4,69.4,45,52.4,36.3,45.5,45.7
MR,Mauritania,2014,38.4,34.2,74.1,32.1,14.5,16.1,10.7,29.1,32.1,40.7,18.2,25.4,46.8,55.7,42.5,28,60.8,43.6,48.2,28.6,51.6,45.8
MR,Mauritania,2015,39.1,35.7,74.2,32.6,18.2,18,17,29.1,31.3,40.4,18.2,26.7,47.7,55.5,44.1,30.1,60.8,43.7,48,29.7,51,46.1
MR,Mauritania,2016,39.9,37.8,73.6,33.3,18.7,25.4,15.2,30.4,33.8,40.4,18,29.4,47.8,55.1,44.1,31.1,60.8,43.8,47.5,28.9,52.2,46.8
MR,Mauritania,2017,40.2,39.1,74.7,37.6,17.1,26.9,19.6,29.1,31.4,38,17.7,29.3,48.2,55.6,43.5,32.7,60.8,44.4,48.2,29,52.8,47.5
MR,Mauritania,2018,40.3,38.8,75.5,39.6,17.3,22.9,13.4,30,33.7,38.2,19.2,28.8,47.6,58.9,41.2,29.6,60.8,45,49.5,30.6,52,47.7
MR,Mauritania,2019,41.8,40.6,75.5,43.1,17.9,25.8,13.4,33.6,36.9,37.4,23.8,36.5,46.8,57.9,40.9,29.1,59.2,46.1,50.6,32.2,52.8,48.7
MR,Mauritania,2020,41.6,39.8,74.2,42.5,19.8,22.7,13.4,33.2,35.8,41,22.3,33.9,46.2,56.6,41,29.8,57.5,47,51.5,34.4,54.1,48.2
MR,Mauritania,2021,41.2,39.8,74.5,41.9,22.1,20.6,13.4,33.2,36.5,40.4,22,34,45.3,56.4,39.2,29.9,55.9,46.4,51.6,34,53.2,46.5
MR,Mauritania,2022,42,41,75.3,41.2,23.1,24.2,25.9,33.8,38,40.8,22.4,34,46.6,57.2,40.3,33.3,55.9,46.6,52.7,33.7,52.9,47
MR,Mauritania,2023,42.5,41.7,75,40.3,22.6,29.2,32.1,35.2,38.4,43.4,25.2,33.7,46.8,57.9,40.3,33.3,55.9,46.3,50.9,34.5,52.6,47
MU,Mauritius,2014,76.8,76,86.9,76.9,71.4,68.8,64.3,79.3,77.9,82.8,77,79.3,75.6,78.3,70.2,78.3,.,76.4,71.6,89.7,80.6,63.9
MU,Mauritius,2015,76.7,74.3,86.3,76.4,69.6,65,58,80.2,78.3,81.3,78.9,82.3,76.1,78.6,70.9,78.7,.,76.3,70.8,88.8,81.8,63.9
MU,Mauritius,2016,77,75.5,86.2,76.6,69.3,70,64.3,79.9,79.2,79.1,78.8,82.6,76.2,77.6,72,78.9,.,76.3,69.5,88.7,82.6,64.6
MU,Mauritius,2017,76.7,75.3,85.4,76.3,69,70.5,70.5,79.1,79.6,73.1,80.8,82.9,76.2,76.5,75.7,76.5,.,76.3,69.3,87.9,82.2,65.8
MU,Mauritius,2018,76.6,75.6,85.8,76,70.6,70.1,70.5,78.6,78.5,72.8,80.1,82.9,76.2,76.6,74.2,77.8,.,76,68.4,87.2,82.3,66.3
MU,Mauritius,2019,75.5,74.5,84.6,74.8,70.1,68.4,64.3,76.9,75.7,68.5,79.8,83.6,75.5,74.2,74,78.4,.,74.9,68,87.2,77.8,66.7
MU,Mauritius,2020,74.4,73.4,83.2,74,68.7,67.6,58,74.5,73.7,65.2,75.6,83.5,75.1,74.3,71.5,79.4,.,74.8,66.8,86.8,78.5,67
MU,Mauritius,2021,73.6,72.6,82.2,73.3,68.8,66,58,73.7,73.8,64,73.6,83.5,74.2,71.9,72.7,77.9,.,74,66.9,85.9,76.6,66.7
MU,Mauritius,2022,73.2,70.8,81.2,72.1,67.2,62.7,51.8,73,72.6,63.6,72.2,83.6,74.3,72.1,72.3,78.3,.,74.5,71,85.4,75,66.6
MU,Mauritius,2023,72.8,70.8,81.4,72,66.1,63.8,51.8,71.6,70,64.7,71,80.7,74.8,72.2,72.9,79.4,.,73.8,68,85.4,74.8,67
MA,Morocco,2014,56.7,53.8,81.1,46.7,39.3,48,7.1,47,45.9,41.9,52.4,47.8,64.8,62.8,49.8,68.4,78.2,61.2,61.4,57.3,65.1,61.1
MA,Morocco,2015,57.2,54.9,81.8,48.4,40.3,49,19.6,47.1,44.2,43,52,49.1,65.5,63.3,51.4,69.2,78.2,61.2,61.6,56.9,65.8,60.4
MA,Morocco,2016,57.8,55.7,82.4,50.5,39.5,50.3,25.9,48.2,46.6,44.9,52.4,49.1,65.7,63.9,50.2,70.5,78.2,61.6,61.2,57.1,66.1,62
MA,Morocco,2017,57.5,54.8,83.6,51,35.9,48.5,25.9,46.4,42,44.7,50,48.9,66.8,65.6,49.9,73.5,78.2,62.1,60.8,57.4,66.3,63.6
MA,Morocco,2018,57.7,55,84.5,51.6,34.4,49.4,32.1,45.7,38,43,50.1,51.8,67.7,69.3,50.2,73.2,78.2,62.4,60.6,58,67.5,63.4
MA,Morocco,2019,58.7,56.9,84.1,55.6,37.8,50.1,25.9,46.8,40.2,44.1,51.3,51.4,68.3,69.1,51.3,75.1,77.7,62.8,62,60.8,64.5,64
MA,Morocco,2020,60.3,58.2,83,57.2,42.3,50.2,25.9,48.6,45.8,43.4,52.4,52.8,69.7,71.5,52.2,77.8,77.3,64.6,64.4,62.4,66.9,64.7
MA,Morocco,2021,61.9,59.5,82.9,58.6,46.7,50,32.1,50.1,49.2,44.6,53.7,52.9,71.6,74.1,54.9,80.6,76.9,66.2,66.3,63.4,70.3,64.7
MA,Morocco,2022,61.5,59,82,56.7,46.1,51.1,44.6,47.7,46.5,43.3,50.4,50.9,72.6,75.9,54.4,83.4,76.9,66.4,66.4,64.3,69.5,65.5
MA,Morocco,2023,62,59.5,82.3,58.4,46.1,51.3,44.6,48.5,46.5,43.4,50.9,53.1,73.5,76.1,55.2,85.8,76.9,66.3,66.8,63.7,69.3,65.3
MZ,Mozambique,2014,49.6,48.4,77.2,46.1,40.5,29.9,19.6,55.5,58.8,54.5,48.9,59.7,50.8,58.8,45.1,29,70.4,43.7,49.7,46.4,33.7,45.1
MZ,Mozambique,2015,49.7,48.1,78.5,45,39,29.9,19.6,55,55.5,55.2,48.5,60.8,51.6,59,48.6,28.6,70.4,44,50.4,48.2,31.7,45.9
MZ,Mozambique,2016,49.8,48,77.1,45.3,36.9,32.9,17.9,55,52.9,56.3,49.2,61.4,51.8,59.9,46.5,30.4,70.4,44.5,51.8,49,31.3,45.8
MZ,Mozambique,2017,49.9,47.7,77.6,45.8,36.4,31.2,9.8,54.3,53,53.7,49.6,61.1,52.2,63.5,44.7,30.4,70.4,45.1,53.3,50.6,32.2,44.3
MZ,Mozambique,2018,50.8,48.7,77,45.8,37.8,34.2,24.1,54.9,54.2,53.7,50.4,61.1,52.4,64.1,43.6,31.5,70.4,47.1,54.6,51,33.8,49.1
MZ,Mozambique,2019,50.5,48.2,74.3,45.7,38,34.8,32.1,54.7,53,57,47.6,61.1,51.7,61.2,44.3,31.6,69.8,47.3,55.6,51.1,32.9,49.8
MZ,Mozambique,2020,50.3,46.7,66.9,47,37.9,34.9,32.1,54.3,52.9,54.5,47.7,62.2,52.1,62.4,44.7,32.2,69.3,47.9,55.7,51.5,32.3,52.2
MZ,Mozambique,2021,50.3,46.7,67.8,47.9,38,33.1,32.1,54.4,53.9,53.5,47.5,62.5,51.5,59.9,44.7,32.7,68.7,48.5,56.8,51.6,32.2,53.2
MZ,Mozambique,2022,49.2,43.3,65.6,44.2,33.3,30.1,32.1,53,51,53.8,43.7,63.4,51.6,62.7,43.6,31.6,68.7,48.8,59.6,52,30.7,52.7
MZ,Mozambique,2023,49,44,70.7,42.9,33.1,29.4,32.1,51.9,48.4,51.7,44.4,63.1,51.8,62.6,44.2,31.7,68.7,48.3,58.3,52,30.8,52.1
NA,Namibia,2014,67.2,73.2,83.7,76.2,71.1,61.9,55.4,72.9,83.9,74.4,62.8,70.5,60.4,72.9,62.9,45.3,.,62.3,65.3,62.4,55.9,65.6
NA,Namibia,2015,67.1,73.5,83.8,77,70.6,62.8,55.4,72.8,81.4,76,64.4,69.2,59.9,69.9,63.6,46,.,62.3,65.8,63.1,55.9,64.6
NA,Namibia,2016,66.2,71.7,83.1,75.7,66.7,61.4,53.6,72.3,83.7,73,64.4,68,58.9,67.9,62.8,46.1,.,61.8,64.9,62.5,55.2,64.7
NA,Namibia,2017,65.2,70.6,82.6,74.4,65.3,60.3,51.8,71.7,82.6,72.8,64.2,67,57.2,65.6,61.2,44.8,.,61.4,65.7,62,53.1,64.8
NA,Namibia,2018,65.2,70.7,82.4,73.9,66.2,60.2,51.8,71.4,80.2,72.9,64.8,67.7,58.5,68,60.9,46.7,.,60.2,62.5,60.1,53.9,64.4
NA,Namibia,2019,64.2,69.6,81.8,72.5,63.6,60.6,51.8,69.1,74.2,73.3,61.5,67.3,58.7,70.6,58.6,46.9,.,59.5,61.4,58.9,54.5,63.3
NA,Namibia,2020,63.6,66.8,79.4,71,61.1,55.5,31.3,69.4,75.8,73.3,59.5,68.8,58.4,68.9,56.8,49.5,.,60,62.8,59.6,54.6,62.9
NA,Namibia,2021,63.3,66.4,79.1,68.3,62.6,55.7,29.5,69.5,73.9,74.2,59.6,70.3,58.2,65.7,58.5,50.5,.,59,64.3,60,49.8,62
NA,Namibia,2022,63.6,67.3,79.3,69.1,63.5,57.2,42,68.8,73.9,73.7,58.4,69.3,58.5,64.8,59.9,50.6,.,59.7,63.9,61.7,49.5,63.6
NA,Namibia,2023,63.9,68.5,79.3,71.8,64.5,58.5,48.2,68.9,71.8,76.2,58.3,69.4,58.2,64.5,58.7,51.5,.,59.8,65.1,61.7,49.1,63.2
NE,Niger,2014,50.4,56,82.2,43.9,47.5,50.2,35.7,55.3,67.4,55.5,57.4,41,46.5,58.6,44.9,19.4,63,43.9,46.1,39.8,45.6,43.9
NE,Niger,2015,50,54.6,79.6,44.8,46.1,47.8,29.5,54.1,63.9,55,57.4,40.1,46.9,59.3,45.2,20.1,63,44.4,46.8,39.9,46.3,44.5
NE,Niger,2016,48.6,53,78.9,43.6,41.4,48.2,29.5,53.5,58.2,54.4,57.1,44.1,45.5,56.7,42.5,19.8,63,42.5,45.1,36.8,43.3,44.7
NE,Niger,2017,48.2,52.5,79.1,45.3,38.5,47,29.5,54.7,59.1,55.5,58.1,45.9,44.2,53.8,40.1,20,63,41.4,45.5,34.6,40.7,44.9
NE,Niger,2018,47.6,51.1,75.3,45.1,38.6,45.4,21.4,53.2,52.7,54.8,58.1,47.4,45,54.6,40.5,21.8,63,41.2,45.9,32.4,40.7,45.5
NE,Niger,2019,48.5,52.3,73.2,48.6,40.6,46.6,25.9,52.9,55.5,53.8,56.4,46.1,46,54.6,43.2,22.6,63.8,42.8,46.6,32.3,39.6,52.5
NE,Niger,2020,48.5,50.8,69.9,49.7,42.2,41.4,25.9,53.6,55.1,55.7,55.2,48.4,46.4,56,40.4,24.4,64.6,43.3,47.5,31.9,41,52.8
NE,Niger,2021,48.7,50.6,71,48.9,40.4,42.3,32.1,53.8,56,56.2,55.7,47.1,46.9,56.7,40.4,25,65.4,43.6,48.9,34,38.4,53
NE,Niger,2022,49,48.9,66.5,48.5,38.4,42.2,38.4,53.1,54,57.3,53.3,47.7,48.4,57.8,42.2,28.3,65.4,45.6,52.6,36.6,39.7,53.4
NE,Niger,2023,47.9,50.3,70.9,46.3,39.5,44.6,38.4,46.7,49.4,54.4,44.3,38.6,48.3,57.5,42,28.1,65.4,46.2,52.5,37.4,39.9,55
NG,Nigeria,2014,47.1,43.9,50.9,50.6,48,25.9,32.1,50.3,56.6,47.2,44.7,52.8,48.8,52.7,37.9,36.7,67.8,45.4,42.5,51.2,50.5,37.5
NG,Nigeria,2015,48.3,46.1,50.5,50.9,52.1,30.7,44.6,52.4,62.8,50.5,43.5,52.7,49.2,53.6,37.7,37.6,67.8,45.5,42.7,50.1,50.2,38.8
NG,Nigeria,2016,48.7,47.7,55,54.5,50.8,30.7,40.2,51.8,57.5,49.3,45.5,54.9,49.8,52.9,38.8,39.7,67.8,45.4,43.2,49.1,51,38.2
NG,Nigeria,2017,47.9,45.8,51.4,51.7,51.2,29,35.7,52.1,55.9,49.9,47.4,55.1,49,51.2,37.2,39.8,67.8,44.6,43.2,47.7,49.7,37.8
NG,Nigeria,2018,48.4,46.8,50.7,52.4,52.2,32,48.2,51.4,52.5,49.6,48.1,55.5,49,50.9,35.3,41.9,67.8,46.2,43.7,48,52.8,40.3
NG,Nigeria,2019,47.6,44.2,47.2,48.4,51,30.3,48.2,49.8,47.4,47.2,48.4,56.1,49,50.7,38,39.7,67.7,47.2,44.2,52,50.2,42.3
NG,Nigeria,2020,47.2,42.3,42.6,46.6,48.2,31.6,48.2,49.3,44.5,46.5,48.8,57.6,49.6,51.8,40.2,38.9,67.6,47.4,43.9,51,50.8,44
NG,Nigeria,2021,45.7,40.9,42.1,46,46.2,29.3,42,46.8,42.6,43.4,44.5,56.8,48.6,48.4,39.2,39.2,67.4,46.5,43.9,50.5,46.8,44.8
NG,Nigeria,2022,45.6,39.8,40,43.7,46.9,28.6,42,47.3,44.4,44.8,42.2,57.7,48.8,46.8,38.9,41.9,67.4,46.5,46.3,50.4,44.7,44.5
NG,Nigeria,2023,45.7,39.7,39.9,42.5,47.3,28.9,42,47.9,46,43.1,43.4,59,48.6,46.1,39.7,41.2,67.4,46.4,44.6,51.1,44.8,45.2
RW,Rwanda,2014,57.9,65.1,86.5,60.1,47.6,66.3,45.5,46.1,35.5,34,35,79.7,60.3,69.4,55.1,39.7,77.1,60.1,63.1,57.7,51.1,68.4
RW,Rwanda,2015,58.3,64.3,83,60.4,45.3,68.4,39.3,46.3,34.2,33.9,35.1,81.9,61.8,70.8,58.9,40.4,77.1,60.9,63.7,58.4,52.6,68.7
RW,Rwanda,2016,58.8,65.6,81.8,61.1,44.8,74.5,53.6,46.3,34.2,35.1,33.7,82.2,62.1,72.6,57.2,41.5,77.1,61.2,64.4,58.2,53.3,68.8
RW,Rwanda,2017,58.9,65.9,83.1,60.9,45.4,74.4,61.6,46,34.2,33.5,33.7,82.8,62.2,73.3,58.5,39.8,77.1,61.6,64.7,58.7,53.6,69.3
RW,Rwanda,2018,59.2,66.1,82.9,60.9,45.7,75,66.1,46.1,35.1,32.3,33.7,83.1,62.9,74.9,59.2,40.4,77.1,61.7,65.1,59.1,52.3,70.4
RW,Rwanda,2019,58.9,65.8,81.4,60,45.9,76,64.3,45.6,32.5,30.3,36.7,82.8,62.5,74,58.7,39.9,77.3,61.6,65.7,59.6,50.9,70
RW,Rwanda,2020,59.1,66.1,81.9,60.2,45.4,76.9,64.3,45.4,32.6,30,36.2,82.8,62.9,78.1,56.3,39.7,77.6,61.8,65.5,59.9,52.8,69.1
RW,Rwanda,2021,59.1,66.4,81.6,60.8,46.2,77.1,64.3,44.8,32.2,29.8,34.7,82.3,63.8,77.2,61.3,39.1,77.8,61.5,65.6,58.6,53.1,68.9
RW,Rwanda,2022,59.4,66.6,82.3,61.3,45.8,77,66.1,45.1,32.2,30.3,35.9,81.9,63.6,76.7,60.3,39.8,77.8,62.2,68.1,59.5,52.6,68.6
RW,Rwanda,2023,58.7,65.9,81.1,58.7,47.6,76.3,67.9,42.5,30.3,30,30.4,79,64.1,77.2,61.2,40,77.8,62.3,68.7,59.1,52.5,68.9
ST,São Tomé and Príncipe,2014,58.5,64,91.3,68.4,48.8,47.4,8.3,67.7,80,69.9,55.4,65.3,43.1,47.8,38.9,31.2,54.3,59.3,64.8,56.9,47.6,67.9
ST,São Tomé and Príncipe,2015,58.1,62.5,91.1,64.8,47.2,46.7,16.7,66,75.8,68,55.6,64.7,44.3,49.1,41.3,32.6,54.3,59.4,64.8,59.2,45.3,68.3
ST,São Tomé and Príncipe,2016,59,63.9,91,64.5,50.8,49.3,16.7,66.5,72.8,70.4,56.1,66.9,44.9,49.6,40.1,35.7,54.3,60.7,65,61.3,46.8,69.5
ST,São Tomé and Príncipe,2017,59.6,64.1,91,63.3,52.1,49.8,16.7,65.9,69,70.5,55.3,68.8,47.2,58.5,38.9,37.2,54.3,61.2,65.3,63,46.3,70.1
ST,São Tomé and Príncipe,2018,59.7,63.3,90.9,62.3,51.3,48.7,8.3,65.2,65.9,70.7,54.5,69.7,47.8,60.3,40.1,36.4,54.3,62.3,65.2,64.3,48.7,70.9
ST,São Tomé and Príncipe,2019,60.1,63.1,90.5,60.4,52.4,49,8.3,67.9,70.7,73.3,56.4,71.4,46.4,53.3,44,35.7,52.7,62.9,64.5,64.1,51.6,71.2
ST,São Tomé and Príncipe,2020,60.1,63.5,90.1,61.7,54.2,48,8.3,68.8,71.6,73.5,56.9,73.1,46.3,50.9,46.7,36.7,51,62,64.1,63.2,49.3,71.2
ST,São Tomé and Príncipe,2021,59.4,63.5,89.6,62.2,54.6,47.5,8.3,68.1,69.9,73.7,56.7,72.2,44.7,47.9,45.8,35.7,49.3,61.5,63.6,62.3,48.7,71.4
ST,São Tomé and Príncipe,2022,59.1,64,88,67,54,47,8.3,68.2,69.5,73.8,56.7,72.8,43.6,45,45.5,34.4,49.3,60.6,61.4,61.4,48.1,71.5
ST,São Tomé and Príncipe,2023,59.2,63.7,88.1,66.1,53.4,47.1,8.3,68.9,69.5,73.3,57.9,75,43.4,44.6,45.1,34.4,49.3,60.9,63.4,61.5,47.2,71.5
SN,Senegal,2014,60.5,66.2,80.7,66.6,56.8,60.6,36.6,67.8,66.5,69.4,71,64.4,55.8,64.7,51.5,39.6,67.6,52.1,55,49.1,50.6,53.5
SN,Senegal,2015,60.8,66.7,81.8,67,54.8,63.3,49.1,66.9,65.1,67.8,69.5,65,56.8,64.3,52.9,42.1,67.6,53,56.6,50.3,51.3,53.6
SN,Senegal,2016,61.4,66.8,82.3,68,55.7,61.4,47.3,67,64.1,68.1,68.2,67.5,57.1,63.7,51.9,45.3,67.6,54.6,58.3,51.2,54.6,54.4
SN,Senegal,2017,61.1,64.8,82.6,67.2,52.2,57.1,45.5,65.6,61.3,64.7,67.3,69.1,58.1,63.4,54.5,47,67.6,56,59.8,52.6,57.8,53.7
SN,Senegal,2018,61.1,64.5,82.6,66,52.8,56.4,45.5,65.1,60.4,66.2,66.9,66.8,58.3,62.3,53.7,49.6,67.6,56.7,59.4,53,58,56.3
SN,Senegal,2019,61,64.3,81.8,66.6,51.6,57,45.5,65.5,62.7,65.9,66.7,66.8,58.5,62.6,54.4,51,66.1,55.6,58.7,51.9,54.9,56.7
SN,Senegal,2020,61.2,63.3,79.7,65.5,50.3,57.5,51.8,66.4,63.7,66.8,67.1,68.2,58.7,63.2,54.8,52.2,64.7,56.3,59.1,51.5,58.3,56.4
SN,Senegal,2021,60.7,62.6,78.1,64.9,49.1,58.5,58,66.4,60.8,66.8,69.6,68.5,58.8,63.9,55.9,52.2,63.2,54.8,58.1,51.4,53.4,56.3
SN,Senegal,2022,60.4,61.1,76.6,63.9,48.1,55.7,58,65.7,62.2,64.3,67.2,69.2,59.5,65.2,54,55.6,63.2,55.4,58,53,53.3,57.3
SN,Senegal,2023,60.2,60.6,76.6,61,48.4,56.4,58,64.6,60.9,60.3,67.2,70.1,59.8,65.3,54.2,56.7,63.2,55.6,59.2,53,52.7,57.5
SC,Seychelles,2014,65.3,66.3,87.6,73.5,51.9,52.2,8.3,65.6,56,61.6,75.2,69.5,56.7,59.9,44.3,65.9,.,72.5,76.4,77.2,67.6,68.9
SC,Seychelles,2015,67.1,69.4,88.2,76.4,55.9,57.4,33.3,68.1,60.3,64.9,75.2,72.2,58.6,61.3,47.4,67,.,72.4,76.3,79.6,67.8,65.9
SC,Seychelles,2016,68.1,68.3,88.1,78,56,51,16.7,71.6,67.5,71.4,75.5,71.8,59.1,62.3,47.6,67.3,.,73.5,76.4,81.8,69.9,65.9
SC,Seychelles,2017,68.2,70.5,89.4,80.8,55.1,56.8,41.7,73.1,71.6,72.1,76.4,72.1,56.5,57.5,44.2,67.6,.,72.9,76.4,79.3,70,65.9
SC,Seychelles,2018,71.8,74.6,89.2,81,61.6,66.8,50,74.7,75.3,72.3,75.8,75.3,63.2,65.3,56.4,67.8,.,74.6,76.4,80.7,75.6,65.8
SC,Seychelles,2019,72.8,75.9,89.2,81.4,64.1,68.9,50,74.8,74.7,73,75.6,75.9,63,64.4,56.8,67.7,.,77.4,76.7,81.3,76.3,75.3
SC,Seychelles,2020,74.5,79.7,89.4,83.6,70.1,75.9,75,76.2,79.3,73.6,76,76,63.3,65.6,57.1,67.2,.,78.5,78.4,80.6,77.2,77.9
SC,Seychelles,2021,74.8,80,89,84.6,68.8,77.5,83.3,77.8,81.7,75.3,78,76.3,62.9,64,57.4,67.4,.,78.4,78.7,81.3,76,77.7
SC,Seychelles,2022,75.2,79.8,88.6,84.6,67.3,78.6,83.3,78.3,82.2,75.5,79.2,76.3,63.1,63.8,58.1,67.4,.,79.6,81.3,81.6,76.6,78.9
SC,Seychelles,2023,75.3,79,88.6,83.1,67.3,76.9,66.7,78.6,82.6,75.4,79.6,76.6,63.4,64.4,58.7,67,.,80.2,81.9,81.6,77,80.3
SL,Sierra Leone,2014,46.6,49.4,80,43.9,41.2,32.5,51.8,56.8,53.1,63.9,54.4,55.6,41.1,52.3,36.1,20.8,55,39.3,45.2,45.2,32.8,33.8
SL,Sierra Leone,2015,47.2,51.3,79.9,45.4,43.7,36.4,64.3,56.1,52.8,63.1,54.4,54.3,42,53.3,38.8,20.9,55,39.4,45.8,45.1,34,32.5
SL,Sierra Leone,2016,49,53.2,81.1,47.3,43.4,41.1,62.5,58.4,52.4,67.5,54.8,58.8,43.8,54.8,41.2,24.1,55,40.6,47.1,46.8,34.3,34.1
SL,Sierra Leone,2017,50.4,55.4,81.6,49.6,47.3,43.1,60.7,59.5,55.6,65.1,57.2,60.2,44.7,57.4,40.9,25.6,55,41.9,47.6,48.5,35,36.5
SL,Sierra Leone,2018,52.8,57.9,81.4,50.9,50.2,49.1,60.7,61.9,59.6,69.5,59.3,59.3,47.4,63.9,42.2,28.4,55,43.8,48.6,49.7,36.3,40.5
SL,Sierra Leone,2019,51.9,55.9,81,49.8,47.6,45.2,60.7,61.7,62.4,67.8,61.7,54.8,45.1,59,38.5,27.3,55.8,44.8,48.9,54.6,34.5,41.3
SL,Sierra Leone,2020,52.1,54.7,79.5,50.8,46.5,42,62.5,64.7,63.2,69,62.6,64.1,43.9,56.2,39.1,23.6,56.6,45.2,47.4,59.5,32.4,41.4
SL,Sierra Leone,2021,52.9,56,80.3,51.9,48.5,43.5,58,64.2,62.8,68.2,60.3,65.6,44.6,54.9,40.7,25.3,57.4,46.6,50.9,59.3,35.1,41.2
SL,Sierra Leone,2022,53.3,57.1,80.1,53.1,51,44.2,56.3,62.5,58.4,65.2,58.9,67.5,45.7,53.9,41.5,29.8,57.4,47.9,52.4,60,37.4,42
SL,Sierra Leone,2023,53,56.1,80.4,51.7,49.4,43,54.5,61.6,55.6,65.1,58.6,67,46.6,53.9,41.5,33.5,57.4,47.8,51.5,60.6,37.5,41.6
SO,Somalia,2014,18.7,16.4,31.3,16.1,10.5,7.6,0,20.4,20.5,23.3,23.3,14.4,22.1,10,22.8,15.1,40.6,15.9,32.8,1.1,15.1,14.8
SO,Somalia,2015,19.2,17.5,33,16.1,10.9,10.1,0,21.4,22.6,23.9,22.8,16.5,21.8,10.4,20.2,15.9,40.6,16.2,33.5,1.1,14.7,15.6
SO,Somalia,2016,19,15.5,33.1,14,10.8,4.2,0,20.8,21.8,22.8,23,15.8,23,10.7,24.1,16.4,40.6,16.8,34.3,1.1,15.5,16.4
SO,Somalia,2017,21.3,17.5,33.5,17,10,9.5,0,23.7,31.9,22.8,24.8,15.3,25.4,15,25.9,20.1,40.6,18.4,35.5,1.1,18.5,18.6
SO,Somalia,2018,21.1,13.7,27.7,12.4,8.8,5.9,0,23.5,29.9,22.9,25.3,15.7,26.7,17.8,27.5,21,40.6,20.5,35.6,0.9,22.7,23
SO,Somalia,2019,21.7,15.4,28.2,12.3,10.4,11,0,23.2,30,22.2,24.4,16.1,25.5,20.9,27.5,21,32.8,22.7,36.3,3.3,26.5,24.6
SO,Somalia,2020,22,17.1,30.5,12.9,14.1,10.9,6.3,22.2,26.5,21.8,23.9,16.5,24.3,23.6,27.3,21.6,24.9,24.4,38.1,3.3,29.2,27
SO,Somalia,2021,23.9,21.5,33.6,23,18,11.5,6.3,24.1,26.3,23.2,26.7,20,24.2,27.7,30.5,21.8,17,25.9,41.2,1.7,33.8,26.9
SO,Somalia,2022,24.5,21,29.8,22.8,19.6,11.7,6.3,25.4,30.9,24.2,26.7,19.7,25.1,28.8,33,21.4,17,26.7,40.6,5,34.6,26.7
SO,Somalia,2023,25.5,23.4,31.1,28.1,20.1,14.5,12.5,25.4,34.2,23.8,27.1,16.7,25.4,30.1,33.1,21.5,17,27.8,39.4,10,34.7,27
ZA,South Africa,2014,67.3,64.1,68.4,65.2,63.5,59.4,89.3,72.1,74.6,82,63.3,68.4,68,77.7,63.6,62.6,.,64.9,69.2,60,66.2,64.2
ZA,South Africa,2015,67.1,63.6,67.7,65.3,65.5,55.7,76.8,71.9,75.4,82.1,63.2,66.7,68.3,77.9,63.8,63.3,.,64.8,69.2,60.3,65,64.6
ZA,South Africa,2016,67.1,64.4,67.7,67.1,63.6,59.1,70.5,71.2,70.3,80.5,64.3,69.7,68.3,76.5,63.6,64.7,.,64.4,68.6,59.9,64.6,64.7
ZA,South Africa,2017,66.8,64,67.5,67.3,67.9,53.4,58,72.1,74.6,78.6,63.8,71.4,67.8,74.9,64.4,64.1,.,63.1,67.5,60.1,63.7,61.1
ZA,South Africa,2018,66.5,63.6,68.2,67.6,69.2,49.5,55.4,70.9,73.1,76.6,63.3,70.5,68,74.8,65.1,63.9,.,63.6,66.9,59.7,63.7,63.8
ZA,South Africa,2019,66.5,63.7,66.5,67.2,68.6,52.6,65.2,72.2,76.8,74.8,65.2,71.9,66.7,71.7,64.7,63.5,.,63.3,67.6,59.4,62.2,64.1
ZA,South Africa,2020,66.4,62.6,63.9,66.7,68.5,51.3,50.9,73.9,78.6,79.2,65.1,72.6,66.3,71.2,64.1,63.6,.,63,68.9,58.8,60.9,63.5
ZA,South Africa,2021,66.2,62.1,62.5,66.3,69.3,50.4,55.4,73.5,76.3,78.8,65.9,72.9,65.7,70.2,63.9,63,.,63.5,70.5,58.9,61.3,63.1
ZA,South Africa,2022,66,60.5,61.6,64.8,66.8,48.9,59.8,74.1,76.9,80.4,65.6,73.3,64.9,70.7,63.4,60.7,.,64.5,70.7,62,61,64.3
ZA,South Africa,2023,65.9,60.2,61.5,64.5,66.6,48.2,58,73.7,76.4,80,65.7,72.6,64.9,70.3,63.8,60.5,.,64.7,70.2,62,61,65.5
SS,South Sudan,2014,19.8,19.8,40.8,12.7,13.9,11.8,9.8,20.7,12.8,23.1,10.3,36.7,14.7,25.4,10.1,3.6,19.6,24.1,39.2,8.6,13,35.6
SS,South Sudan,2015,19.2,17.9,36.8,11.9,12.5,10.5,3.6,21,13.1,21.4,10.3,39,14.1,22.8,10.8,3.4,19.6,23.8,39.3,8.6,12.8,34.4
SS,South Sudan,2016,18.7,17.7,33.7,14.4,11.6,11.3,16.1,19.8,11.9,19.2,9.3,38.9,14.5,21.4,13.4,3.4,19.6,22.8,38.9,8.8,12.7,30.7
SS,South Sudan,2017,18.1,16.6,26.4,14.6,11.5,14,16.1,18.8,11.5,15.8,9.5,38.3,14.4,20.1,14.4,3.5,19.6,22.6,39.7,9.1,12.2,29.4
SS,South Sudan,2018,18.7,18.1,33.2,15,11.5,12.7,16.1,19,12.7,15.6,8.3,39.5,14.3,20.3,14,3.2,19.6,23.4,40.1,9.8,12.7,31
SS,South Sudan,2019,18.8,18.8,39.5,17.3,11.2,7,3.6,20,13.1,15.9,12,38.9,13,18.1,13.6,3.5,16.7,23.5,38.6,10,14.5,30.9
SS,South Sudan,2020,18.4,17,33.4,16.3,11.2,7.1,1.8,19.3,12.1,16.2,10.3,38.6,12.2,15.4,15.8,3.9,13.7,25,39.7,10.2,17,33
SS,South Sudan,2021,19.6,18.9,33.7,19.8,11.9,10.1,0,22.2,17.2,16,17.2,38.4,11.8,19.9,12.2,4.3,10.7,25.5,41.5,9.3,17.4,33.8
SS,South Sudan,2022,18.6,18.6,36.8,18,10.5,9.2,0,18,10.2,16.7,12.4,32.8,12.3,20,13,5.5,10.7,25.5,40,10.6,17.8,33.8
SS,South Sudan,2023,19,20.2,42.7,20.4,10.5,7.5,0,17.3,10.6,15.6,11.3,31.9,12.5,20.2,13,6.3,10.7,26.1,41.2,10.6,18.6,33.9
SD,Sudan,2014,30,26.8,43.9,19.5,22,21.9,3.6,16.4,15.3,19.5,18.9,12,36,36.2,29.1,31.4,47.3,40.7,38.3,35.3,36.9,52.4
SD,Sudan,2015,30.3,26.3,42.1,19.5,21.6,21.9,3.6,17.4,15.5,19.6,21.1,13.4,36.3,36.2,29.7,32.1,47.3,41.1,37.3,36.4,37.2,53.4
SD,Sudan,2016,30.7,26.4,42.9,19.3,21.2,22.2,3.6,18,14.8,19.2,19,18.9,36.6,37.3,29.2,32.6,47.3,41.7,38.4,37.6,37.6,53.2
SD,Sudan,2017,31.6,29.2,51.5,20.8,20.3,24.3,3.6,18.1,16.9,19.4,19,16.9,36,34.3,27.6,34.6,47.3,43.2,39.1,38.8,40.7,54.1
SD,Sudan,2018,31.3,29.2,56,19.7,16.8,24.4,3.6,18.3,16.9,19.4,19.2,17.6,35.3,33.5,26.6,34,47.3,42.5,39.9,40.2,36.6,53.4
SD,Sudan,2019,32.4,30.9,55.5,22.1,16.8,29.2,22.3,22.6,24.1,25.5,22.3,18.6,35.7,34.1,25.8,32.7,50.4,40.5,38.8,38.5,31.1,53.4
SD,Sudan,2020,33.9,31.1,53.5,25,19.3,26.5,9.8,27.3,33.1,32,23.5,20.7,36.8,34.1,26.4,33.1,53.5,40.5,39.6,35.9,31.7,54.5
SD,Sudan,2021,33.2,29.9,47.1,22.2,19.1,31,16.1,25.7,21.7,33.3,30.8,17.1,37.4,30.8,30.3,31.9,56.6,39.7,38,32.9,32.9,55.1
SD,Sudan,2022,31.9,26.3,40.6,21.2,18.2,25.3,8,23.1,13.8,30.2,28.7,19.5,37.5,29.9,29.6,33.8,56.6,40.7,40.1,35.7,33.4,53.5
SD,Sudan,2023,29.6,21,25.4,21.3,14.5,22.6,6.3,21.4,10.5,27.3,28,19.9,35.6,24.2,27.2,34.2,56.6,40.4,41.7,35.7,32.4,51.9
TG,Togo,2014,49.6,50.6,79.7,46.1,35.1,41.4,10.7,56.5,53,48.8,53,71.3,46.9,50.8,47.6,33.2,55.8,44.5,49.9,44.7,40.3,43.1
TG,Togo,2015,50.3,50.1,79,45.9,34.6,40.8,10.7,57.1,57.6,47.7,52.2,70.8,47.3,51.6,46.8,35.1,55.8,46.6,50.2,46.3,40.7,49.3
TG,Togo,2016,50.4,49.7,78.8,45.9,34.3,40,10.7,57.5,59.4,47,53.2,70.3,49,54,51,35,55.8,45.4,50.3,47.5,37.2,46.5
TG,Togo,2017,50,48.3,77,46,33.9,36.4,10.7,55.3,53.2,43.8,53.6,70.7,49.2,53.5,51.3,36,55.8,47,50.9,49.1,36.5,51.5
TG,Togo,2018,50.5,49.1,78.9,45.5,33,39.1,21.4,56.2,54.1,45.3,55.2,70.4,48.5,53.1,49.3,35.8,55.8,48.1,51.1,50.5,36.8,54
TG,Togo,2019,51.7,50.6,78.4,44.7,33.6,45.7,38.4,56,52.8,46.2,53.1,72.2,49.7,55,48.8,36.5,58.4,50.6,52.9,52.2,40.3,57.1
TG,Togo,2020,53.3,51.3,78.6,45.4,33.8,47.3,38.4,57.2,49.2,48.8,57.7,73.3,51.9,60.3,49.2,37,61,52.9,53.7,54,42.3,61.6
TG,Togo,2021,53.7,51.7,80.3,44.8,34,47.8,38.4,57.1,48.8,49,55.9,74.8,53.4,61.9,50.6,37.5,63.6,52.6,53.6,55.1,42.2,59.7
TG,Togo,2022,53.9,52.3,79.5,45.6,35.9,48.3,38.4,56.4,47.7,49.8,53.7,74.4,53.6,58.9,51.1,40.6,63.6,53.2,54.2,56,41.4,61
TG,Togo,2023,53.8,51.7,79.6,44.8,36,46.6,38.4,57,46.7,47.8,54.6,78.7,53.5,59.1,50,41.3,63.6,52.9,51.7,54.8,41.6,63.3
TN,Tunisia,2014,65.9,64.5,83.7,61.5,50.8,62,63.4,66,80.8,65.6,62.7,54.9,64.6,72.7,50.7,59.3,75.7,68.4,67.6,72.6,69.7,63.6
TN,Tunisia,2015,65.5,64.4,84.4,61.1,54.8,57.4,50.9,64.7,74,66.1,62.8,55.8,64.6,72.8,50.3,59.5,75.7,68.4,67.3,72,70.7,63.4
TN,Tunisia,2016,65,62.5,82.8,59.7,52.5,54.8,44.6,64.6,71.9,65.6,64.1,56.8,64.4,69.2,51.9,60.9,75.7,68.6,67.1,70.9,71.5,64.7
TN,Tunisia,2017,64.9,64.2,82.8,60,51.8,62.2,50.9,62.6,65,64.1,63.2,57.9,64.5,65.4,53.6,63.3,75.7,68.5,66.9,70.2,68.7,68.3
TN,Tunisia,2018,65.9,65,82.5,60.1,55.1,62.4,52.7,67.1,69.7,63,65.3,70.3,64.4,63.1,54.1,64.6,75.7,67.3,66.6,68.2,66.3,68.2
TN,Tunisia,2019,66.8,66.5,82.2,62.2,58.3,63.2,54.5,67.7,74.6,65.5,64.6,66.2,64.9,63.5,54.1,63.1,79,67.9,67.1,71,66.6,66.9
TN,Tunisia,2020,67.6,67.3,83,64.2,57.4,64.5,60.7,68.3,76.9,64.3,64.6,67.2,65.7,63.5,54.2,62.7,82.3,69,67.7,72.7,69.3,66.3
TN,Tunisia,2021,65.5,63.1,81.9,62.3,51.7,56.4,17,64.4,66.2,63.2,62,66.1,66,61.1,54.4,62.6,85.7,68.5,68,72,68,65.9
TN,Tunisia,2022,62.2,57.7,81.2,50.9,43.6,55.2,10.7,57.9,51,58,58.7,63.9,65.6,60.2,53.4,63.1,85.7,67.8,68.3,71.2,67.7,63.8
TN,Tunisia,2023,61.2,55.7,81,48.5,37.7,55.5,10.7,56.1,46.1,56.5,58.3,63.4,65.7,60.2,53.4,63.6,85.7,67.3,68.2,70.8,67.6,62.5
UG,Uganda,2014,50.9,53.2,80.9,46.9,47.6,37.5,48.2,47.7,39.4,47.1,45.6,58.6,53.7,57.4,57.4,35.7,64.5,49.1,58.4,48.5,45.2,44.4
UG,Uganda,2015,51.3,53.1,81.5,47,47.2,36.5,48.2,48.9,39.6,49.8,45.7,60.4,54.2,57.8,58.1,36.5,64.5,49.2,58.7,47.7,44.9,45.4
UG,Uganda,2016,50.6,51.3,79.3,45.5,45.1,35.5,54.5,49.4,42.9,46.6,46,62.2,54,56.9,55.5,39,64.5,47.4,57.5,46.6,41.3,44.4
UG,Uganda,2017,50.6,50.9,77.8,46.3,44.5,35,60.7,49.9,43.3,48.2,45.6,62.5,53.6,56.7,53.7,39.6,64.5,47.9,58.7,45.9,40.9,46.2
UG,Uganda,2018,50.8,49.9,75.1,45.5,44.5,34.7,60.7,49.4,40.1,47.5,45.2,64.9,53.7,56.4,53.3,40.5,64.5,50.1,60.3,45.8,41.5,52.6
UG,Uganda,2019,50.4,48.8,72.3,44.5,44.3,34.3,60.7,48,37.5,47.7,45,62,54,55.1,51.9,41.4,67.7,50.7,61.1,45.4,42.2,54
UG,Uganda,2020,49.6,46.4,65.9,43.8,43,32.9,42,46.9,37.6,43.5,43.1,63.5,53.9,53.7,50.4,40.6,70.8,51.1,62,45.5,41.8,55.2
UG,Uganda,2021,48.9,45.5,64,43.7,41.7,32.8,42,44.9,34.5,40.9,42.6,61.6,54,54.5,49.5,38.1,74,51.3,63.2,44.6,41.5,56
UG,Uganda,2022,49,46.3,66.6,43.8,41.4,33.2,40.2,45.4,33.6,40.7,42.5,64.7,53.7,56.6,45.2,39.1,74,50.8,64.3,44.1,39.8,55
UG,Uganda,2023,49.1,46.4,67.4,43.8,41,33.5,44.6,45.3,34.6,39.9,39,67.5,54.7,58.8,45.9,39.9,74,50.2,62.2,43.9,38.6,56.1
TZ,Tanzania,2014,55.2,59.2,80.4,56.9,53.4,46.2,35.7,60.2,53.6,61,65.6,60.6,49.6,55.3,42.9,33.5,66.7,52,54.4,52.8,47.6,52.9
TZ,Tanzania,2015,56.3,60.8,81.5,60.5,53,48,48.2,60.9,53.8,61.2,65,63.7,50.1,54.7,44.2,34.7,66.7,53.4,56,56,47.9,53.6
TZ,Tanzania,2016,56.5,61.4,81.6,60.4,51.7,51.7,48.2,59.3,50.7,58,64.9,63.8,51.1,56.8,44.8,36.3,66.7,54.3,57.4,58.6,47.7,53.4
TZ,Tanzania,2017,56.5,60.8,81.7,61.2,49.2,51.2,35.7,58.3,49.5,55.7,63.7,64.3,51.6,59.5,42.6,37.5,66.7,55.2,59,59.8,46.9,55.1
TZ,Tanzania,2018,56.4,60.8,82.4,56.5,50.3,54,31.3,56.4,47.2,51.9,64.8,61.5,52.6,56.5,47.1,39.9,66.7,56.1,59.9,59.8,48.3,56.2
TZ,Tanzania,2019,57.3,61.9,82.8,57.8,51.6,55.3,33,56.2,45.8,51.8,65.5,61.9,53.8,56,47.2,42.5,69.7,57.3,61.1,61.1,49.6,57.4
TZ,Tanzania,2020,57.7,61.1,82.2,59.5,48.5,54.3,25,56.2,43.5,52.8,66.7,61.6,55.1,56.9,46.9,43.9,72.6,58.5,62.2,61.9,51.8,58.1
TZ,Tanzania,2021,58.4,61.6,83.5,61.1,48.1,53.6,23.2,56.6,42.2,54.7,66.7,63,56.2,56.6,47.7,45,75.6,59.1,64,61.7,50,60.5
TZ,Tanzania,2022,57.9,60.2,81.7,59,48.2,52.1,23.2,57,43.5,55.2,65.9,63.5,55.8,57.5,45.1,45,75.6,58.6,65.1,62.3,47.2,60
TZ,Tanzania,2023,58.2,61.1,81.7,60.6,48.5,53.6,23.2,57.9,47,54.9,65.5,64,56,57.2,45.9,45.4,75.6,57.9,64.9,60.7,46.6,59.5
ZM,Zambia,2014,53.1,62.2,79,57.1,53.3,59.5,44.6,51,48,54.7,53,48.2,47.7,58.6,45.3,31.8,55.1,51.4,56.1,60.4,40.3,48.7
ZM,Zambia,2015,54,62.9,79.7,59.4,55.2,57.3,44.6,52.9,52.2,56,52.8,50.5,48.2,59,46.5,32.1,55.1,51.9,56.6,61,40.7,49.1
ZM,Zambia,2016,53.2,60.9,79.4,58.3,50.2,55.5,44.6,52.7,45.4,53.5,53.9,58,47.6,59,44.3,31.8,55.1,51.8,56.8,59.8,41.4,49.2
ZM,Zambia,2017,53.3,60.3,80.3,57.9,49.8,53.3,44.6,52.6,45.3,51.4,54.5,59.4,48.2,60.7,44.7,32.3,55.1,52.1,57.1,59.2,42.3,49.7
ZM,Zambia,2018,52.5,58.2,80.5,57.1,47.9,47.5,32.1,52.5,46.2,49.7,54.1,59.9,47.3,57.3,44.1,32.8,55.1,52.1,57.3,58.8,42.1,50.3
ZM,Zambia,2019,51.5,55.9,78.1,54.5,48.8,42.3,25.9,52.7,41.8,55.6,49.7,63.7,46.4,60.4,43.4,32.7,49,51.1,57.4,56.8,39.3,51.1
ZM,Zambia,2020,50.6,53.6,77.7,52.2,46.1,38.3,17.9,52.6,43.4,55,49.1,63.1,45.3,58.7,44.1,35.6,42.9,51.1,57.8,56.3,37.8,52.3
ZM,Zambia,2021,51.7,55.6,80.3,55.4,46.6,40.2,16.1,52.7,40.1,55.5,53.1,61.9,45.6,57.5,49.1,39.2,36.7,52.8,60.2,60.4,38.8,51.7
ZM,Zambia,2022,56,60.7,81.3,58.6,53.2,49.8,25.9,60.8,59.7,63,57.4,62.9,47,58.2,52.9,40.3,36.7,55.4,60.9,64.7,41.5,54.3
ZM,Zambia,2023,56.6,62.2,81.2,58.5,55.3,53.8,42,61.1,61,62,59.1,62.4,47.6,58.4,52.6,42.8,36.7,55.3,59.3,65.2,41.6,55.2
ZW,Zimbabwe,2014,45.5,43.5,78.4,41.2,28.2,26.2,16.1,44.2,35.6,35.7,46,59.4,43.2,46,36.9,28.6,61.5,51.2,56.5,62.3,37.6,48.4
ZW,Zimbabwe,2015,46.4,44.7,77.4,42.7,30.1,28.6,22.3,45,38.4,34.9,45.1,61.7,44.3,48.5,38.5,28.7,61.5,51.7,56.3,63.1,39.2,48.2
ZW,Zimbabwe,2016,46.8,45,77.9,43.7,29.2,29.3,34.8,44.3,36.4,33.6,45.1,62.3,45.3,49.2,40.3,30.1,61.5,52.5,56.8,62.6,40.2,50.3
ZW,Zimbabwe,2017,46.7,45.1,76.8,44.1,29.4,30.1,28.6,44.3,36.6,32.2,45.8,62.6,46,50.5,41.4,30.8,61.5,51.4,57.8,62.1,37,48.6
ZW,Zimbabwe,2018,47.2,45.9,75.8,44.1,33.3,30.2,34.8,44.8,36,33.4,46.3,63.3,45.1,45.7,42.1,31.3,61.5,53,58.4,60.5,39.3,53.6
ZW,Zimbabwe,2019,47.2,46.5,75.9,42.1,33.2,35,41.1,44.3,34.2,33.8,45.4,63.9,46.3,46.8,42,31.9,64.6,51.7,58,60,36.6,52.2
ZW,Zimbabwe,2020,47.2,44.6,75.2,39.6,32.9,30.9,28.6,44.3,34,35.2,45.4,62.5,47.7,48.2,41.5,33.6,67.7,52.1,58.2,60.6,36.3,53.4
ZW,Zimbabwe,2021,47.1,44.4,74.9,38.2,33.3,31,34.8,44.2,33.2,36.2,43.7,63.6,48.4,47.4,42,33.5,70.8,51.6,59.5,59.7,33,54.3
ZW,Zimbabwe,2022,47.6,44.8,73.7,39.3,34.1,32.2,41.1,44.6,34.1,37.5,43.2,63.5,48.9,47.8,42.8,34.1,70.8,52.2,61.3,60.5,33,54.2
ZW,Zimbabwe,2023,47.1,44.5,73.7,38.9,33.7,31.7,41.1,43.5,33.6,37.7,42.2,60.6,48.7,48.4,43.3,32.2,70.8,51.9,61.7,57.9,32.9,54.9
